participant_code,mode_survey,assign_date,assign_week_day,actual_date,actual_week_day,actual_hour,age_or_range,age_or_mid_range,gender,full_or_part_time,work_role,edu,indiv_or_family_income,income_mid_range,place_birth,district,ethnicity,permanent_residence
10105130,1,379,6,400.4662268518,6,11,1,15,1,999,4,2,2,7,1,11,1,1
10358113,2,28,5,30.4843171295943,7,11,1,33,2,1,1,3,1,5,1,5,1,1
10400394,2,344,6,343.790428240784,5,18,2,18,2,1,1,3,1,2,1,11,1,1
10495813,2,318,1,315.870740740793,5,20,1,19,2,1,4,2,2,4,1,14,1,1
10532697,2,30,7,31.5577199073741,1,13,1,23,1,1,4,3,1,1,1,5,1,1
10605717,2,395,1,396.822638888843,2,19,1,15,2,999,999,2,999,999,1,6,1,1
10667596,2,328,4,328.954571759212,4,22,2,18,2,1,1,3,1,2,1,15,1,1
10739775,2,27,4,32.6398263889132,2,15,1,19,1,1,4,2,999,999,1,18,1,1
10822794,1,98,5,105.739710648195,5,17,1,69,2,2,999,2,1,1,997,14,1,1
10946094,2,328,4,326.742569444468,2,17,2,23,2,999,999,3,2,9,1,17,1,1
10977706,1,352,7,370.690300925868,4,16,2,33,1,1,1,3,1,4,1,8,1,1
11006409,2,85,6,85.4867129629711,6,11,2,43,2,999,999,2,999,999,1,5,1,1
11037821,1,336,5,364.498194444459,5,11,1,58,2,999,6,2,999,999,1,5,1,1
11164072,1,349,4,391.546840277733,4,13,1,9,1,999,4,1,999,999,1,13,1,1
11170632,2,395,1,411.849849537015,3,20,1,5,2,1,4,1,2,11,1,5,1,1
11249443,2,331,7,333.483912036987,2,11,2,63,2,999,999,3,999,999,999,999,1,1
11256889,2,314,4,314.814039351884,4,19,2,18,2,1,1,2,1,3,2,13,1,1
11294271,2,339,1,339.892662037048,1,21,1,27,1,1,1,3,1,3,2,3,1,1
11319336,1,109,2,118.434826388839,4,10,1,2,1,2,4,1,2,8,1,9,1,1
11344005,2,344,6,345.782824074035,7,18,2,23,2,1,1,3,1,6,1,2,1,1
11417589,2,100,7,100.494004629669,7,11,1,44,2,1,1,2,1,3,2,8,1,1
11625385,2,352,7,354.578541666619,2,13,2,38,1,2,1,3,999,999,1,6,1,1
11658139,2,387,7,427.728321759263,5,17,2,13,2,2,4,2,999,999,1,999,1,1
11724464,1,334,3,368.530196759268,2,12,2,53,2,999,999,999,999,999,999,999,1,1
11772427,2,79,7,96.5345949074253,3,12,2,3,1,999,999,1,999,999,1,7,1,1
11776171,2,374,1,375.47293981479,2,11,1,51,2,1,1,3,2,10,1,14,1,1
11837502,1,320,3,351.70674768521,6,16,1,67,2,999,5,1,999,1,1,14,1,1
11841028,1,13,4,21.7664583333535,5,18,1,14,1,999,4,2,2,998,1,14,1,1
11857415,2,323,6,322.766909722239,5,18,2,18,2,999,999,3,999,999,1,3,1,1
11870454,1,336,5,348.531666666619,3,12,1,53,2,1,5,2,1,1,1,17,999,1
12026009,2,42,5,42.8270023148507,5,19,2,38,1,1,1,3,1,7,1,17,1,1
12037142,1,320,3,364.504004629678,5,12,1,65,2,999,5,1,2,2,2,6,1,1
12066136,2,204,6,204.757048611064,6,18,2,33,1,1,3,3,1,5,1,11,1,1
12180851,2,331,7,332.964351851842,1,23,2,8,2,999,999,1,999,999,1,5,1,1
12265942,2,331,7,332.109212962911,1,2,2,43,1,1,3,2,1,8,1,5,1,1
12394988,1,129,1,259.58251157403,5,13,1,59,1,999,6,1,999,998,1,18,1,1
12464494,2,91,5,90.5125578703592,4,12,1,36,2,1,1,3,1,8,1,17,1,1
12628787,2,334,3,330.902615740779,6,21,2,38,1,1,1,3,999,999,2,14,1,1
12628960,1,113,6,113.632407407393,6,15,1,57,1,1,1,1,1,3,1,9,1,1
12689003,1,317,7,354.735543981427,2,17,1,6,1,999,4,999,1,1,1,6,999,1
12751877,1,109,2,118.444351851824,4,10,1,68,2,999,6,2,1,2,2,14,1,1
12808049,2,375,2,371.761574074044,5,18,1,0,1,999,1,1,999,8,1,6,1,1
12818986,1,373,7,391.518101851805,4,12,2,43,1,1,999,1,1,3,1,17,999,1
12935940,2,350,5,349.151666666614,4,3,2,23,1,1,1,2,1,3,2,10,1,1
12963872,2,331,7,329.727928240784,5,17,1,18,2,1,4,3,1,1,2,6,1,1
13019341,1,25,2,28.7455902778311,5,17,2,48,2,1,5,2,2,8,1,5,1,1
13167951,2,219,7,223.718055555597,4,17,2,43,1,1,1,3,999,999,1,5,1,1
13229962,1,336,5,364.568981481483,5,13,2,53,1,1,1,3,1,10,1,17,1,1
13310788,2,27,4,27.8146412037313,4,19,1,52,2,1,1,3,1,3,1,7,1,1
13317389,1,333,2,368.693993055611,2,16,1,70,1,999,6,2,2,2,2,14,1,1
13344417,2,323,6,325.591805555508,1,14,2,18,1,1,1,3,1,3,1,17,1,1
13346161,1,359,7,400.493333333288,6,11,1,10,1,999,4,999,2,4,1,7,1,1
13376654,2,395,1,394.527372685145,7,12,2,13,1,1,4,1,999,999,1,14,1,1
13444125,2,251,4,251.834050925914,4,20,1,33,2,1,1,3,1,8,1,18,1,1
13643403,1,320,3,337.777326388867,6,18,1,80,1,999,999,999,999,999,2,17,1,1
13750943,1,206,1,259.771342592547,5,18,2,53,2,999,6,999,1,4,1,3,1,1
13775858,2,366,7,364.488587962929,5,11,1,5,2,999,999,999,999,999,1,16,1,1
13851014,1,32,2,83.4342708333861,4,10,1,25,1,1,1,2,1,2,2,7,1,1
13862807,2,85,6,84.7042013888713,5,16,1,18,2,999,999,2,999,999,1,17,1,1
13884579,1,102,2,124.555821759277,3,13,1,82,1,999,6,999,999,1,2,7,1,1
13949447,2,314,4,312.768865740742,2,18,1,15,1,999,999,1,2,998,1,7,1,1
14017158,1,355,3,369.537916666712,3,12,1,53,1,1,2,3,1,3,1,8,1,1
14055983,2,365,6,368.733368055546,2,17,1,6,1,1,4,1,1,1,1,17,1,1
14066034,1,25,2,28.6976967592491,5,16,1,67,2,999,999,2,2,4,2,14,1,1
14182942,2,356,4,358.720173611073,6,17,2,48,1,1,1,3,1,7,1,17,1,1
14184688,2,351,6,350.913541666698,5,21,2,8,1,999,999,1,999,999,1,13,1,1
14400868,1,333,2,354.588958333363,2,14,1,60,1,1,1,2,2,2,2,2,1,1
14558526,2,141,6,141.677986111143,6,16,1,6,2,999,999,1,2,4,1,1,1,1
14679892,1,331,7,413.429976851796,5,10,1,63,1,999,6,3,2,999,1,14,1,1
14703807,2,91,5,116.785312499967,2,18,2,23,1,1,1,3,999,999,1,11,1,1
14732388,1,35,5,83.4398842592491,4,10,1,65,2,999,6,3,1,3,1,2,1,1
14847207,2,318,1,327.740208333358,3,17,2,38,2,1,5,2,999,999,1,16,1,1
14963423,2,356,4,359.499166666646,7,11,2,33,2,1,1,2,1,4,1,3,1,1
15172510,2,85,6,85.8884490741184,6,21,2,33,1,1,1,3,2,9,1,13,1,1
15207770,1,32,2,83.6319675926352,4,15,1,68,2,999,999,1,2,999,2,2,1,1
15264221,2,370,4,372.58869212959,6,14,2,33,2,999,999,3,999,999,1,14,1,1
15329748,2,334,3,340.023067129659,2,0,1,58,2,999,999,2,999,999,997,16,1,1
15392694,1,86,7,111.767951388843,4,18,1,51,2,1,1,2,2,4,1,5,1,1
15417052,2,339,1,339.801076388918,1,19,1,27,1,1,1,3,999,999,999,7,1,1
15601792,2,127,6,127.598946759244,6,14,2,18,1,999,999,2,999,999,1,5,1,1
15608543,2,350,5,350.893761574058,5,21,1,32,2,1,1,3,1,4,1,17,1,1
15751629,2,314,4,315.177928240737,5,4,1,20,2,1,4,3,1,1,1,2,1,1
15806456,1,320,3,355.49145833333,3,11,2,48,2,999,5,2,999,999,2,5,1,1
16030864,1,60,2,83.7744907407323,4,18,1,10,1,999,4,1,999,6,1,9,1,1
16037020,2,334,3,334.909861111082,3,21,2,18,2,1,1,3,999,999,1,17,1,1
16192203,1,317,7,354.523020833381,2,12,1,75,2,999,6,1,1,1,2,17,1,1
16291889,2,357,5,359.14883101848,7,3,1,30,1,1,1,2,1,5,2,9,1,1
16305255,2,350,5,349.558368055616,4,13,1,48,1,1,1,2,1,2,1,3,1,1
16387639,2,210,5,210.66512731486,5,15,1,17,1,999,999,1,2,5,1,14,1,1
16420388,1,213,1,260.538344907458,6,12,1,65,1,999,6,2,999,8,2,14,1,1
16541874,2,356,4,361.432002314832,2,10,2,28,1,1,1,3,1,4,1,6,1,1
16682693,2,351,6,351.372141203727,6,8,2,58,1,2,6,3,1,1,1,16,1,1
16688087,2,340,2,338.786921296269,7,18,1,20,1,1,4,2,1,1,1,5,1,1
16870246,2,115,1,115.817500000005,1,19,2,63,1,999,999,3,2,998,2,2,1,1
16993408,1,352,7,406.7552893518,5,18,1,65,1,999,6,1,1,1,1,12,1,1
17003087,1,234,1,265.470173611073,4,11,1,75,2,999,6,1,999,998,1,5,1,1
17004422,1,145,3,173.455601851805,3,10,1,39,1,1,1,3,1,5,1,2,1,1
17175713,2,375,2,370.834895833279,4,20,1,14,1,1,4,2,2,11,1,17,1,1
17257781,2,42,5,41.6755092592211,4,16,1,42,1,1,1,3,1,11,1,8,1,1
17426732,2,323,6,323.470034722239,6,11,1,36,2,1,1,3,1,6,1,14,1,1
17429347,2,91,5,91.781134259305,5,18,1,33,1,999,999,3,2,6,1,11,1,1
17471372,2,331,7,330.856273148092,6,20,2,58,2,999,999,2,999,999,2,17,1,1
17521021,1,216,4,264.715057870373,3,17,2,63,2,999,6,2,999,999,999,13,1,1
17604612,2,375,2,387.582418981474,7,13,1,7,1,1,4,1,999,999,1,13,1,1
17706280,1,349,4,369.54850694444,3,13,1,10,2,1,4,1,2,7,1,10,997,1
17800285,1,336,5,348.706458333298,3,16,2,48,2,999,5,2,1,1,1,10,1,1
17824455,2,374,1,381.447025462985,1,10,2,8,1,999,999,1,999,999,1,2,1,1
17851466,2,351,6,351.930648148176,6,22,2,53,1,1,1,3,1,8,1,14,1,1
17890548,1,145,3,259.5026967593,5,12,1,38,1,999,6,2,1,1,1,16,1,1
17892155,2,27,4,41.4300231481902,4,10,2,28,1,1,1,3,1,7,1,1,1,1
17897806,1,320,3,355.497569444473,3,11,1,62,1,999,6,2,1,3,1,12,1,1
17930358,2,374,1,374.571666666656,1,13,2,13,1,1,4,2,1,1,1,1,1,1
17937580,2,331,7,336.322604166693,5,7,2,23,1,1,1,3,1,8,1,12,1,1
17984165,2,379,6,384.880937500042,4,21,2,33,1,999,999,3,999,999,1,13,1,1
18343372,1,98,5,259.549780092551,5,13,1,46,2,999,5,1,2,4,1,10,1,1
18380719,2,370,4,375.614201388904,2,14,2,38,2,1,1,3,1,5,1,18,1,1
18382054,2,353,1,352.602881944389,7,14,2,48,1,1,3,2,999,999,1,2,1,1
18520203,1,145,3,166.745451388881,3,17,1,67,1,999,6,2,2,3,2,13,1,1
18546643,2,340,2,338.617858796264,7,14,1,61,2,999,999,1,999,999,1,7,1,1
18555473,2,352,7,355.574826388853,3,13,2,63,1,2,6,2,2,1,1,17,1,1
18636645,2,356,4,358.972685185145,6,23,1,60,1,1,1,3,999,999,1,999,1,1
18723147,2,213,1,236.719004629646,3,17,2,43,1,1,1,3,2,8,1,18,1,1
18918326,2,21,5,21.3406597222202,5,8,1,22,2,2,4,3,999,999,1,6,1,1
18994564,2,328,4,334.902453703689,3,21,2,33,2,1,1,3,2,8,1,10,1,1
19089426,2,353,1,353.829293981427,1,19,1,31,2,1,1,3,1,7,2,8,997,2
19094963,1,23,7,28.7398495370289,5,17,1,45,1,1,1,2,2,6,1,14,1,1
19150944,2,328,4,329.754641203675,5,18,1,20,2,1,4,3,1,1,1,7,1,1
19369265,2,180,3,180.518761574058,3,12,2,48,2,999,999,2,999,999,1,15,4,1
19402654,2,350,5,349.824918981525,4,19,2,53,2,999,999,1,999,999,1,17,1,1
19470267,1,145,3,166.695497685228,3,16,1,58,2,999,5,1,2,7,1,17,1,1
19555774,1,373,7,400.518530092551,6,12,2,33,2,1,1,3,1,7,1,14,1,1
19633207,1,317,7,354.730960648158,2,17,1,21,2,2,4,3,1,2,1,10,1,1
19787052,2,328,4,326.744456018554,2,17,2,48,1,999,999,3,999,999,997,17,1,1
19940509,1,352,7,369.522060185205,3,12,1,2,2,999,999,1,2,5,1,13,1,1
19963077,2,42,5,52.7279629629338,1,17,2,18,2,1,1,3,1,3,1,9,1,1
19992114,2,331,7,331.957442129613,7,22,1,27,1,1,1,3,1,5,1,17,1,1
20162067,2,16,7,14.9419907407137,5,22,2,28,2,1,1,2,1,4,1,13,1,1
20456667,2,332,1,331.002418981516,7,0,2,8,1,999,999,999,2,7,1,13,1,1
20542936,1,336,5,364.515648148139,5,12,1,65,1,999,6,3,1,6,1,2,1,1
20602985,2,81,2,82.764444444445,3,18,1,64,2,2,6,3,1,6,1,18,1,1
20708861,2,348,3,350.950243055588,5,22,2,28,1,1,1,3,1,8,1,18,1,1
20931383,1,397,3,400.513726851903,6,12,1,5,2,999,4,1,999,999,1,16,1,1
21006078,1,333,2,354.549884259235,2,13,1,66,1,999,6,3,2,5,2,10,1,1
21070328,2,85,6,85.571956018568,6,13,1,56,2,1,3,3,1,4,1,3,1,1
21091572,2,331,7,331.79667824076,7,19,2,53,2,999,999,2,1,4,1,17,1,1
21228817,2,280,5,278.707071759272,3,16,1,27,2,1,1,999,999,999,1,16,1,1
21476608,2,379,6,385.880185185233,5,21,2,13,2,999,999,2,999,999,1,8,1,1
21493813,1,81,2,91.7194097222527,5,17,1,75,1,999,6,2,999,999,1,5,1,1
21572472,2,204,6,204.882141203736,6,21,2,43,2,999,999,2,2,9,1,13,1,1
21654428,2,323,6,321.629502314841,4,15,1,24,2,1,4,2,1,1,2,14,1,1
21975579,1,29,6,111.772152777761,4,18,1,59,2,2,6,1,2,1,1,17,1,1
22119973,2,323,6,321.508333333302,4,12,1,25,1,1,1,3,1,2,1,9,1,1
22148144,2,36,6,35.6365972221829,5,15,2,43,1,1,1,3,1,8,1,18,1,1
22301029,1,349,4,368.740601851838,2,17,1,60,1,999,6,2,1,5,1,13,1,1
22411792,2,366,7,367.408969907439,1,9,1,36,1,2,1,3,2,8,1,17,1,1
22430958,2,356,4,355.824675925891,3,19,2,48,1,1,1,2,999,999,1,13,1,1
22804641,1,352,7,371.432199074072,5,10,2,3,2,1,4,1,999,999,1,15,1,1
22886585,2,375,2,370.700636574067,4,16,1,11,1,999,999,1,999,999,1,2,1,1
22985548,1,349,4,368.729131944478,2,17,1,11,2,1,4,1,2,7,1,16,1,1
23007476,2,86,7,84.7115277778357,5,17,1,41,1,1,3,3,2,6,1,13,1,1
23117844,2,366,7,366.915381944389,7,21,2,13,2,999,999,1,999,999,1,18,1,1
23221606,2,352,7,352.744004629669,7,17,1,9,1,999,999,1,999,999,1,4,1,1
23440991,2,389,2,389.923645833274,2,22,2,8,2,1,4,1,999,999,1,6,1,1
23499032,1,373,7,391.513252314762,4,12,1,32,1,1,1,3,1,5,2,9,1,1
23601144,1,352,7,369.437615740695,3,10,1,63,1,1,1,2,2,6,1,1,1,1
23631969,2,375,2,376.919594907435,3,22,1,43,1,999,999,3,999,999,1,7,1,1
23718206,2,141,6,139.425752314855,4,10,1,19,2,999,999,2,2,5,1,16,1,1
23764485,2,31,1,31.4192708333721,1,10,1,19,1,999,999,2,999,999,1,5,1,1
23869239,2,10,1,25.5304861110635,2,12,1,38,1,1,1,3,1,5,1,11,1,1
23919020,2,27,4,33.5896296296269,3,14,2,38,2,1,3,2,1,4,2,13,1,1
24024370,1,349,4,354.463136574021,2,11,2,23,1,1,1,3,1,998,1,2,1,1
24024711,1,145,3,259.480879629613,5,11,1,54,2,1,1,1,1,999,1,2,1,1
24149384,2,328,4,328.941412037006,4,22,1,26,2,1,1,3,1,3,1,12,1,1
24248656,2,331,7,427.530381944496,5,12,1,50,2,2,5,3,999,999,1,1,1,1
24286762,2,353,1,350.605972222169,5,14,1,31,2,1,1,3,1,6,2,4,1,1
24370596,1,379,6,400.648680555518,6,15,1,7,1,999,4,1,999,999,1,9,1,1
24445376,1,98,5,118.783506944426,4,18,1,60,1,999,6,2,2,6,1,6,1,1
24498627,2,28,5,27.4114930555224,4,9,2,53,2,1,1,2,999,999,1,2,1,1
24533540,2,328,4,328.845324074035,4,20,2,8,1,1,4,1,1,1,1,1,1,1
24577058,1,23,7,28.7600115740206,5,18,1,60,2,999,5,2,2,3,1,6,1,1
24620397,2,377,4,377.885810185224,4,21,1,33,1,1,1,3,1,7,1,2,1,1
24638255,2,332,1,334.166458333377,3,3,2,33,2,1,5,2,2,6,1,6,1,1
24730187,1,336,5,354.497256944422,2,11,1,50,2,2,2,2,2,3,2,6,1,1
24760713,1,18,2,25.5346527778311,2,12,1,55,1,1,1,2,1,4,1,3,1,1
24809664,2,238,5,239.49325231486,6,11,2,23,2,1,1,3,1,3,1,18,1,1
25074113,2,387,7,386.945370370406,6,22,1,12,2,999,999,1,999,999,1,6,1,1
25169140,2,22,6,25.6178703703918,2,14,2,38,2,999,999,3,1,5,1,15,1,1
25281029,1,101,1,110.515972222202,3,12,1,57,2,2,1,2,2,3,1,3,1,1
25300496,1,352,7,370.460312500014,4,11,1,5,1,999,4,1,2,2,2,11,1,1
25328987,2,328,4,328.821400462999,4,19,2,43,2,999,999,2,999,999,1,13,1,1
25419195,2,19,3,20.0534375000279,4,1,1,39,1,1,1,3,999,999,1,11,1,1
25593841,2,85,6,88.0147453703685,2,0,1,32,1,1,1,3,1,5,1,17,1,1
25907403,2,328,4,328.688414351898,4,16,2,18,1,1,1,3,2,8,1,6,1,1
25993392,2,81,2,83.7159375000047,4,17,1,51,1,1,1,2,2,7,1,17,1,1
26015614,1,145,3,252.498252314865,5,11,1,62,1,999,6,2,2,8,2,18,1,1
26075094,1,113,6,113.641134259291,6,15,1,60,1,1,3,1,1,3,1,14,1,999
26343036,2,366,7,364.479224537034,5,11,2,33,1,1,1,3,1,7,1,14,1,1
26354694,1,349,4,369.62553240743,3,15,1,32,2,1,1,3,2,7,1,2,1,1
26616425,2,370,4,371.011087963008,5,0,1,7,1,1,4,1,1,1,1,17,1,1
26742090,1,32,2,36.7867824074347,6,18,1,76,2,999,6,2,999,1,999,14,1,1
26937464,1,28,5,32.7223379629431,2,17,1,68,1,1,3,2,1,8,997,13,1,1
27041623,1,102,2,105.781840277836,5,18,1,79,1,999,6,3,999,999,2,17,1,1
27076603,1,198,7,259.761724537006,5,18,1,60,2,1,1,1,999,2,1,11,1,1
27250942,2,351,6,348.824444444384,3,19,2,23,1,1,1,3,1,4,1,15,1,1
27571683,1,336,5,364.500613425975,5,12,1,49,2,999,999,2,999,999,2,18,1,1
27608939,1,23,7,28.7839467593003,5,18,1,47,1,999,999,1,999,999,1,3,1,1
27715859,1,373,7,400.536296296283,6,12,1,32,1,1,1,3,1,6,1,14,1,1
27743004,2,334,3,334.938217592542,3,22,1,29,2,1,1,3,999,3,1,12,1,1
27951738,2,352,7,371.484502314823,5,11,2,38,1,1,1,3,2,11,1,2,1,1
27992971,2,328,4,326.806979166693,2,19,1,63,1,2,6,2,2,4,1,15,1,1
28028420,2,213,1,210.758495370392,5,18,2,18,2,999,999,3,2,6,1,17,1,1
28096802,2,105,5,105.79271990736,5,19,2,13,1,1,1,2,2,8,1,14,1,1
28241619,1,320,3,354.433101851842,2,10,2,63,1,999,6,1,1,1,1,13,1,1
28294664,2,350,5,348.851597222267,3,20,1,49,2,999,999,2,999,999,1,999,1,1
28299235,2,340,2,337.94328703708,6,22,2,23,1,2,999,3,1,3,1,18,1,1
28350064,2,377,4,379.868726851884,6,20,2,8,2,999,999,999,999,999,1,17,1,1
28422326,2,375,2,378.914155092556,5,21,2,33,2,1,1,2,1,4,1,17,1,1
28574438,1,320,3,355.626747685135,3,15,1,45,1,1,1,2,1,3,1,2,1,1
28653088,2,238,5,239.652974536992,6,15,1,21,2,2,4,3,1,1,1,8,1,1
28718993,2,22,6,25.6360416666139,2,15,2,3,2,999,999,1,1,1,1,5,1,1
28989980,2,366,7,363.596319444478,4,14,1,0,1,999,999,1,2,7,1,18,1,1
29061212,2,84,5,85.3983564814553,6,9,2,18,2,1,1,3,2,5,1,15,1,1
29157551,2,340,2,341.777615740779,3,18,2,28,1,1,1,3,999,999,1,10,1,1
29184906,2,209,4,209.991215277812,4,23,2,28,2,999,999,3,2,4,1,5,1,1
29192718,1,333,2,354.513506944408,2,12,1,68,1,999,6,2,2,5,1,2,1,1
29277603,1,71,6,106.737118055578,6,17,1,67,1,999,6,2,999,999,1,5,1,1
29331062,1,334,3,368.490034722257,2,11,2,48,2,1,5,1,2,7,1,17,1,1
29399075,2,395,1,397.532650462934,3,12,2,3,2,1,4,1,2,11,1,18,1,1
29411242,2,346,1,343.960775462911,5,23,2,33,2,1,5,2,999,999,1,6,1,1
29415238,2,21,5,21.882303240709,5,21,1,2,1,999,999,1,2,11,1,8,1,1
29485037,2,339,1,338.663148148102,7,15,1,18,1,999,999,2,999,999,2,17,1,1
29632406,2,357,5,372.523530092556,6,12,2,3,1,999,2,1,999,6,1,6,1,1
29664099,2,141,6,141.719571759226,6,17,1,46,1,1,1,3,1,9,1,2,1,1
29712625,1,99,6,259.600219907355,5,14,1,75,1,2,6,3,1,1,1,8,1,1
29894332,2,340,2,340.719108796329,2,17,1,18,1,999,999,2,2,7,1,14,1,1
29903147,1,379,6,400.419201388839,6,10,1,38,1,999,999,3,1,1,1,7,1,1
30014205,2,339,1,336.997152777738,5,23,2,38,1,1,1,3,999,999,1,2,1,1
30022876,2,10,1,26.6860879629385,3,16,2,23,2,1,1,3,1,4,1,14,998,1
30040475,2,238,5,238.962418981479,5,23,2,18,1,999,999,3,999,999,1,1,1,1
30122128,2,351,6,352.97237268521,7,23,2,8,1,999,999,1,999,999,1,13,1,1
30242809,2,84,5,84.9346527777379,5,22,2,13,2,1,4,3,999,999,1,9,1,1
30325393,1,29,6,82.7898958333535,3,18,2,58,2,999,6,2,2,8,1,10,1,1
30348793,2,331,7,329.730462962994,5,17,2,53,2,1,1,2,1,9,997,2,1,1
30521751,2,340,2,340.888865740737,2,21,1,56,1,1,1,2,1,3,1,11,1,1
30549698,1,317,7,351.62134259264,6,14,1,61,1,1,6,2,1,1,997,14,1,1
30864972,1,379,6,400.42876157409,6,10,1,15,1,999,4,998,2,5,1,7,1,1
30880905,2,22,6,21.8812384259654,5,21,2,13,2,1,4,2,999,999,1,7,1,1
30881166,2,375,2,375.826192129636,2,19,1,0,2,999,999,1,1,1,1,13,1,1
30922684,2,344,6,345.949432870373,7,22,2,28,1,1,1,3,999,999,2,5,1,1
30993804,2,346,1,355.986493055592,3,23,1,39,1,1,1,3,2,7,1,13,1,1
31080111,2,16,7,18.0080787036568,2,0,2,33,2,2,3,3,2,8,1,2,1,1
31112109,2,366,7,367.488715277752,1,11,2,13,2,1,4,1,999,999,1,9,1,1
31244464,1,320,3,337.745868055616,6,17,1,69,2,1,5,2,2,998,2,11,1,1
31334995,2,370,4,370.689791666693,4,16,2,33,2,1,1,3,1,4,1,14,1,1
31377488,2,350,5,352.385694444412,7,9,1,53,1,1,1,3,1,3,2,18,1,1
31489875,1,234,1,265.483912036987,4,11,2,53,2,999,5,2,2,5,1,11,1,1
31623010,1,373,7,427.54105324077,5,12,1,11,2,1,4,1,2,5,1,13,1,1
31667835,2,332,1,328.793703703675,4,19,2,63,1,999,999,3,2,5,2,18,1,1
31689500,2,334,3,334.697592592565,3,16,2,43,1,999,999,2,1,1,1,18,1,1
31929510,1,324,7,337.484861111152,6,11,2,48,2,2,1,2,1,1,1,1,1,1
31937300,2,346,1,344.048182870378,6,1,2,13,1,1,4,2,2,5,1,1,1,1
32053730,2,339,1,339.429618055583,1,10,2,28,2,1,1,3,2,7,1,14,1,1
32119336,1,397,3,400.714039351908,6,17,2,8,2,999,4,1,2,4,1,2,1,1
32141401,2,334,3,330.93949074077,6,22,1,21,1,2,4,2,1,1,1,2,1,1
32179276,2,366,7,367.568344907369,1,13,2,38,2,999,999,999,999,999,2,6,1,1
32301026,2,16,7,18.992743055569,2,23,2,48,1,2,6,3,999,999,1,7,1,1
32308292,1,86,7,91.7509953703266,5,18,1,55,2,1,1,2,1,3,1,2,1,1
32332436,2,84,5,82.6562615741277,3,15,1,31,2,1,1,3,1,4,1,9,1,1
32342024,2,374,1,377.37606481486,4,9,1,6,2,999,999,998,2,10,1,9,1,1
32396588,2,23,7,24.4757754629245,1,11,2,43,2,1,1,3,1,9,1,11,1,1
32488774,2,366,7,363.976307870355,4,23,2,8,1,1,4,1,999,999,1,13,1,1
32596110,1,34,4,91.5748379629804,5,13,1,45,2,999,999,1,2,2,2,6,1,1
32683957,1,352,7,370.500162037089,4,12,1,33,2,1,1,2,1,4,1,15,1,1
32879731,1,25,2,28.7945138888899,5,19,1,54,1,1,1,2,1,3,2,6,1,1
32951691,2,30,7,30.8991782406811,7,21,2,43,1,1,1,3,999,999,1,13,1,1
33053855,2,339,1,340.452245370368,2,10,2,43,2,1,1,3,1,9,1,6,1,1
33056691,1,373,7,393.694456018507,6,16,1,5,2,999,999,1,1,1,1,14,1,1
33101941,1,320,3,355.696469907416,3,16,2,58,2,999,5,2,1,3,1,6,1,1
33231904,2,22,6,21.8118171296082,5,19,1,21,2,1,4,3,999,999,1,2,1,1
33403043,2,27,4,28.9960763888666,5,23,2,43,2,1,1,3,2,11,1,8,1,1
33440850,2,366,7,367.956932870322,1,22,1,6,1,1,4,1,999,999,1,2,1,1
33476208,1,336,5,370.660347222234,4,15,2,58,1,999,6,2,2,9,2,6,1,1
33731847,2,418,3,417.90445601847,2,21,1,10,2,1,4,1,2,11,1,15,1,1
33755370,2,30,7,29.9034722222714,6,21,1,25,2,1,1,3,1,3,1,15,1,1
33820112,2,366,7,364.44328703708,5,10,2,33,2,1,1,3,1,6,2,2,1,1
33967483,2,356,4,356.399375000037,4,9,2,33,2,999,999,2,999,999,2,12,1,1
34177785,2,262,1,265.458101851866,4,10,1,38,2,1,1,3,1,3,1,13,1,1
34262441,2,64,6,65.9398611111101,7,22,2,38,2,1,999,3,999,999,2,5,1,1
34353107,2,377,4,375.798472222174,2,19,1,9,2,1,4,1,999,999,1,11,1,1
34423945,2,334,3,331.649930555606,7,15,1,18,1,999,999,2,999,999,2,14,1,1
34505588,2,22,6,22.719259259291,6,17,2,43,2,999,999,3,999,999,1,12,1,1
34506763,2,389,2,391.923831018503,4,22,2,3,2,1,4,1,1,1,1,16,1,1
34627653,2,318,1,320.634571759263,3,15,2,23,2,1,1,3,1,4,1,14,1,1
34711388,2,213,1,215.658888888895,3,15,2,38,2,1,1,3,999,999,1,11,1,1
34773346,1,373,7,400.543460648158,6,13,1,11,1,999,4,1,2,4,1,17,1,1
34794436,2,366,7,363.711956018466,4,17,1,46,1,1,1,2,1,6,1,6,1,1
34821983,2,314,4,314.511886574095,4,12,1,55,2,1,1,2,999,999,1,16,1,1
34840824,2,60,2,57.6842592592584,6,16,2,13,1,999,999,2,999,999,1,1,1,1
34931103,1,352,7,370.717337962938,4,17,1,12,2,999,4,1,2,998,1,11,1,1
35145881,2,379,6,379.779733796255,6,18,1,13,2,1,4,1,999,999,1,14,1,1
35146558,2,351,6,351.9296875,6,22,1,6,2,999,999,1,999,999,1,2,1,1
35257030,2,375,2,372.973993055522,6,23,2,28,2,1,1,2,2,9,1,12,1,1
35266739,2,311,1,312.016180555569,2,0,1,63,2,2,6,3,2,5,1,6,1,1
35366189,1,333,2,348.693240740686,3,16,1,48,2,1,2,3,1,8,1,5,1,1
35400897,2,29,6,37.9188657407649,7,22,1,20,2,1,5,2,999,999,1,18,1,1
35411283,1,355,3,369.468495370355,3,11,1,33,1,1,1,3,1,4,1,14,1,1
35464969,2,357,5,357.018287037034,5,0,1,56,1,2,3,2,999,999,1,5,1,1
35472160,2,418,3,417.953541666619,2,22,2,38,2,999,999,3,999,11,1,8,1,1
35548946,1,24,1,28.8032754629385,5,19,1,73,2,999,6,3,999,999,1,18,1,1
35572467,2,318,1,319.252905092551,2,6,2,48,2,1,5,1,1,1,1,13,1,1
35591877,2,28,5,28.9800115741091,5,23,2,43,2,999,999,3,2,7,1,2,1,1
35715759,1,102,2,116.493680555606,2,11,1,40,2,1,5,2,2,1,2,17,1,2
35788749,2,357,5,357.924942129641,5,22,1,42,1,1,1,3,1,8,1,17,1,1
35792872,1,336,5,355.568715277826,3,13,1,35,2,1,5,2,2,6,2,10,1,1
35905977,1,320,3,354.538240740774,2,12,1,61,1,1,6,2,2,9,1,6,1,1
35951820,2,395,1,396.42862268514,2,10,1,4,2,999,999,1,1,1,1,17,1,1
35964366,1,71,6,83.7279398147948,4,17,1,66,1,999,6,3,1,1,1,1,1,1
36215849,1,145,3,166.624618055532,3,14,1,56,2,1,5,2,2,8,1,14,1,1
36292798,1,320,3,348.523460648139,3,12,2,48,2,1,1,2,1,6,1,8,1,1
36326162,1,102,2,110.52546296292,3,12,1,23,1,1,3,3,1,3,1,15,1,1
36402305,2,356,4,356.418124999967,4,10,2,53,1,999,999,3,2,11,1,5,1,1
36531565,2,42,5,41.6469560185215,4,15,2,48,2,1,3,3,1,7,1,7,1,1
36693538,2,351,6,349.898391203722,4,21,1,28,1,1,1,3,1,4,1,17,1,1
36741410,2,204,6,204.41535879625,6,9,1,32,2,1,3,3,2,8,1,8,1,1
36747282,1,352,7,370.702743055532,4,16,1,27,1,1,1,2,1,3,1,7,1,1
36952004,2,368,2,368.669930555508,2,16,1,42,1,1,1,3,1,6,1,14,1,1
36996736,1,60,2,83.7389814815251,4,17,1,68,1,999,6,1,999,999,2,13,1,1
37066265,2,339,1,345.913414351875,7,21,2,48,2,1,1,2,1,7,1,10,1,1
37396748,1,352,7,370.728472222225,4,17,2,43,1,1,1,2,1,3,2,14,1,999
37420699,2,375,2,375.44969907403,2,10,1,0,2,999,999,998,2,9,1,2,1,1
37553666,2,28,5,26.8779513889458,3,21,2,58,2,999,999,2,999,999,1,5,1,1
37594009,2,42,5,41.5995949073695,4,14,1,41,2,1,1,2,1,3,1,13,1,1
37770233,2,350,5,350.941226851894,5,22,2,38,2,1,3,2,999,999,2,3,1,1
37783600,2,323,6,323.700937499991,6,16,2,53,2,999,999,3,2,8,1,12,1,1
37809153,2,357,5,357.890914351796,5,21,2,28,2,999,999,3,2,8,1,8,1,1
37827890,1,24,1,28.779583333293,5,18,1,52,2,999,999,1,2,4,1,6,1,1
38120101,1,397,3,410.676423611119,2,16,1,13,1,1,4,2,2,3,1,2,1,1
38271972,1,352,7,354.450729166623,2,10,2,43,2,999,1,1,2,3,1,18,1,1
38409554,1,101,1,112.479050925933,5,11,2,53,2,1,999,1,1,4,1,5,1,1
38433295,1,373,7,400.412152777775,6,9,1,15,2,1,4,1,2,3,1,13,1,1
38435951,2,356,4,356.41951388889,4,10,2,33,2,1,1,2,1,5,1,18,1,1
38500397,2,370,4,371.455856481451,5,10,2,38,1,999,999,3,999,999,1,9,1,1
38509060,2,332,1,336.726400462911,5,17,2,63,1,2,6,3,1,4,1,13,1,1
38728677,1,349,4,371.438715277822,5,10,1,37,2,1,999,3,1,6,1,1,1,1
38819323,2,366,7,367.011574074044,1,0,2,13,1,999,999,1,999,999,1,6,1,1
38831031,1,336,5,390.649687499972,3,15,2,63,1,999,6,1,1,1,997,11,1,1
38905939,1,145,3,173.745173611096,3,17,1,61,1,1,1,3,1,2,1,12,1,1
39045439,2,91,5,91.3887037036475,5,9,1,1,1,999,999,1,2,6,997,6,1,1
39048243,1,81,2,91.7158449074486,5,17,1,62,2,999,5,2,999,5,2,14,1,1
39243081,2,332,1,335.002222222276,4,0,1,20,2,999,999,3,1,1,1,14,1,1
39273981,1,18,2,20.5399189814925,4,12,1,58,2,1,5,2,999,5,1,17,1,1
39341446,2,366,7,366.683124999981,7,16,1,10,1,999,999,1,999,999,1,5,1,1
39352176,2,339,1,343.989479166688,5,23,2,43,1,1,1,3,999,999,1,14,1,1
39360542,1,145,3,173.437870370341,3,10,1,54,2,1,1,3,1,3,1,13,1,1
39635444,2,219,7,221.915092592593,2,21,2,28,1,1,1,3,1,7,1,16,1,1
39674114,2,23,7,25.0357523148414,2,0,2,53,1,1,1,2,2,9,1,18,1,1
39854810,1,25,2,36.7566203703173,6,18,1,60,1,999,999,1,999,1,2,2,1,1
40023972,1,32,2,83.4435532407369,4,10,1,69,2,2,6,3,2,5,2,7,1,1
40025115,2,32,2,30.9983912036987,7,23,2,13,2,1,4,2,999,999,1,11,1,1
40026972,2,395,1,396.624409722164,2,14,2,13,2,1,4,2,999,999,1,13,1,1
40228225,1,352,7,369.73693287035,3,17,1,20,1,2,4,3,1,1,2,6,1,1
40232281,2,366,7,366.910717592575,7,21,2,63,1,999,999,2,1,1,2,16,1,1
40237141,2,334,3,331.16715277778,7,4,1,53,1,1,2,3,1,11,1,3,1,1
40254546,1,145,3,173.472106481437,3,11,1,58,2,999,6,3,1,3,1,13,1,1
40272308,2,366,7,363.866574074025,4,20,2,38,2,1,5,2,2,5,1,2,1,1
40283356,1,333,2,355.520219907397,3,12,1,65,2,999,6,2,2,2,1,17,1,1
40338184,1,336,5,348.718125000014,3,17,1,65,2,999,6,2,2,9,1,4,1,1
40350146,2,339,1,340.777280092589,2,18,2,18,2,1,4,2,999,999,1,14,1,1
40362114,2,169,6,169.864814814762,6,20,2,38,2,1,1,3,1,7,1,14,1,1
40591509,2,351,6,351.92640046298,6,22,2,23,1,1,1,3,1,6,1,2,1,1
40817966,2,357,5,366.536481481511,7,12,2,48,1,999,999,999,2,4,1,999,1,1
40851437,2,27,4,32.7122916666558,2,17,1,20,1,2,4,3,999,999,1,6,1,1
40905140,1,373,7,391.492546296329,4,11,1,13,2,1,4,1,2,8,1,2,1,1
40940069,2,366,7,363.640833333367,4,15,1,42,1,1,1,3,2,9,1,13,1,1
41001238,1,32,2,118.762777777738,4,18,1,56,2,1,1,1,1,2,1,14,1,1
41210102,2,353,1,350.631689814851,5,15,2,13,2,1,4,2,999,999,1,3,1,1
41323143,1,355,3,371.458634259296,5,11,2,53,1,1,3,3,2,4,997,1,1,1
41445565,2,365,6,369.931666666642,3,22,2,8,1,1,4,1,2,10,1,1,1,1
41655665,2,392,5,392.40880787035,5,9,2,8,2,1,4,1,2,1,1,15,1,1
41829570,2,141,6,142.018217592617,7,0,2,18,2,1,1,3,1,3,1,11,1,1
41863876,2,84,5,84.944641203736,5,22,1,10,2,999,999,1,999,999,1,16,1,1
41879117,1,352,7,369.631504629622,3,15,2,48,2,1,1,2,1,3,2,18,1,1
41893194,1,379,6,406.742766203708,5,17,1,2,1,1,4,1,2,3,1,11,1,1
41925018,2,22,6,23.8874421296641,7,21,1,18,2,999,999,2,1,1,1,14,1,1
41944507,1,25,2,28.5423842592863,5,13,1,25,1,1,1,3,1,3,1,1,1,1
41974155,2,339,1,340.975752314786,2,23,1,21,1,2,4,2,999,999,1,5,1,1
42252204,2,59,1,66.0403819443891,1,0,1,42,2,1,1,3,2,11,1,7,1,1
42279695,1,32,2,106.743923611124,6,17,1,18,1,1,4,2,2,8,1,12,1,1
42281271,1,86,7,91.757719907444,5,18,1,51,2,999,5,2,2,3,1,13,1,1
42351104,2,366,7,367.952303240774,1,22,2,38,2,1,5,2,2,8,1,14,1,1
42379809,2,32,2,32.8790046296781,2,21,2,13,2,999,999,2,2,5,1,17,1,1
42475363,2,340,2,341.436817129608,3,10,2,58,1,999,999,3,999,999,2,12,1,1
42495031,2,350,5,367.880104166688,1,21,1,23,2,1,1,2,1,3,1,2,1,1
42555022,1,334,3,368.61535879632,2,14,1,64,2,999,6,2,2,8,1,18,1,1
42642039,1,257,3,271.525324074086,3,12,1,70,2,999,6,999,2,998,2,11,1,1
42706748,1,102,2,106.426574074081,6,10,1,48,2,2,5,2,2,4,2,3,1,1
42793015,1,101,1,105.804756944417,5,19,1,34,1,1,3,3,1,4,1,15,1,1
42818681,1,355,3,370.674108796287,4,16,1,35,1,1,1,2,1,3,2,9,1,1
42884894,2,351,6,348.73547453701,3,17,1,48,1,1,1,3,1,4,1,14,1,1
42897756,2,21,5,23.4581597222714,7,10,2,43,1,1,3,3,1,4,1,2,1,1
42922106,1,32,2,83.6864699074067,4,16,1,67,1,999,6,3,1,5,1,10,1,1
42993061,2,344,6,342.740312500042,4,17,1,46,1,1,1,2,1,7,1,2,1,1
43152321,2,339,1,339.575648148195,1,13,2,48,2,999,999,3,1,1,1,5,1,1
43187386,2,334,3,330.84158564813,6,20,2,18,2,1,1,3,999,999,1,18,1,1
43193386,1,317,7,351.694166666712,6,16,1,77,1,999,6,2,999,1,997,16,1,1
43217961,2,328,4,334.557256944478,3,13,1,65,1,1,1,3,1,7,2,13,1,1
43269432,1,32,2,82.7832870370476,3,18,1,20,1,999,999,2,2,3,1,13,1,1
43326784,2,331,7,332.427442129585,1,10,2,13,2,999,999,1,999,999,1,5,1,1
43335279,2,339,1,337.540798611124,6,12,1,16,2,999,999,999,999,999,1,999,1,999
43404638,2,351,6,353.449351851828,1,10,1,43,1,1,1,3,1,7,1,2,1,1
43803510,1,35,5,83.6223263888387,4,14,2,33,2,999,5,1,999,999,2,7,1,1
43844651,1,145,3,253.571076388936,6,13,1,12,1,1,4,1,2,4,1,9,1,1
43862142,1,320,3,355.501979166642,3,12,1,17,1,999,4,2,999,999,997,3,999,1
43878748,1,43,6,91.6671875000466,5,16,2,18,2,2,4,3,2,3,1,11,1,1
44029573,1,35,5,83.6109606481623,4,14,1,58,1,2,1,2,1,1,1,14,1,1
44160407,2,180,3,181.643043981516,4,15,2,18,2,1,1,3,1,3,1,18,1,1
44169120,1,129,1,259.567881944473,5,13,1,47,1,1,1,1,1,2,1,13,1,1
44169606,1,60,2,83.7526388888946,4,18,1,45,2,1,1,3,1,8,1,13,1,1
44211423,1,373,7,391.530879629659,4,12,1,7,2,1,4,1,2,3,1,9,1,1
44255633,2,69,4,67.7939814814599,2,19,2,28,1,999,999,999,2,4,1,18,1,1
44463645,2,238,5,237.971122685238,4,23,2,13,2,2,1,3,999,999,1,13,1,1
44598621,1,25,2,29.7219444444636,6,17,1,50,2,1,1,1,1,2,2,12,1,1
44623572,2,374,1,375.722812499967,2,17,2,33,1,1,1,2,1,3,1,14,1,1
44687895,2,339,1,336.946909722174,5,22,1,20,1,2,1,3,1,1,1,10,1,1
44779421,2,328,4,329.820486111101,5,19,2,23,1,1,1,3,1,5,2,9,1,1
44867745,2,86,7,85.7996990741231,6,19,1,42,1,1,1,3,2,7,2,14,1,1
44892039,2,21,5,22.9262615740299,6,22,2,18,1,1,1,3,999,999,1,2,1,1
44927185,2,334,3,334.908761574072,3,21,1,6,1,1,4,1,999,999,1,9,1,1
45067009,2,351,6,353.501863425947,1,12,1,57,1,999,999,2,1,5,1,1,1,1
45244375,1,43,6,83.7832638889086,4,18,2,43,1,999,999,999,2,3,2,6,999,1
45293310,1,320,3,355.477384259226,3,11,1,24,2,1,1,2,1,3,1,3,1,1
45357188,1,22,6,28.7990509258816,5,19,1,49,2,2,1,2,2,2,2,12,1,1
45580481,2,85,6,84.7737731481902,5,18,1,18,2,999,999,2,999,999,2,2,1,1
45582659,1,359,7,369.551412036992,3,13,1,22,2,2,1,3,1,1,1,18,1,1
45685244,2,352,7,377.795185185154,4,19,1,36,2,1,5,2,2,4,1,18,1,1
45740273,2,370,4,371.944282407407,5,22,2,8,1,999,999,1,2,8,1,16,1,1
45825573,2,368,2,368.671134259319,2,16,1,4,2,1,4,1,2,7,1,17,1,1
45863335,1,333,2,368.637372685131,2,15,1,10,2,999,4,1,999,999,1,13,1,1
46025078,2,395,1,394.937951388885,7,22,1,15,1,1,4,1,999,999,1,15,1,1
46077422,2,366,7,365.717847222229,6,17,2,13,2,999,999,1,1,1,1,16,1,1
46089917,1,28,5,83.6474768518237,4,15,2,48,2,1,5,3,2,8,1,18,1,1
46221582,2,377,4,385.860590277822,5,20,1,15,1,999,999,1,1,1,1,9,1,1
46233386,1,355,3,370.723692129599,4,17,1,4,2,999,4,1,2,2,1,6,1,1
46269850,2,314,4,314.973483796348,4,23,2,28,1,1,1,3,2,8,1,17,1,1
46351919,2,22,6,25.6863773148507,2,16,2,38,2,999,999,3,999,999,1,14,1,1
46360894,2,374,1,383.792268518475,3,19,2,13,1,999,999,1,2,9,997,14,1,2
46454142,2,22,6,26.7465277777519,3,17,2,53,2,1,1,2,1,8,1,3,1,1
46464610,2,4,2,25.4857870370615,2,11,1,37,1,1,1,3,2,10,2,13,1,1
46523078,1,25,2,29.7434490740998,6,17,2,53,2,1,1,1,1,2,1,7,1,1
46528593,2,340,2,341.852025463013,3,20,2,23,2,1,1,3,1,7,1,18,1,1
46626598,1,216,4,264.743576388923,3,17,1,81,1,999,6,3,999,999,997,17,1,1
46676194,2,328,4,332.712800925947,1,17,1,48,1,1,1,3,2,11,1,18,1,1
46816817,1,333,2,354.546423611115,2,13,1,10,2,1,4,1,2,7,1,1,1,1
46838614,1,320,3,337.765844907379,6,18,1,64,1,999,6,3,2,7,2,7,1,1
46908275,1,352,7,354.470995370415,2,11,2,8,2,999,4,1,999,2,1,6,999,1
46912449,2,331,7,331.729895833298,7,17,1,40,1,1,3,3,1,6,997,8,1,1
46957455,2,379,6,381.871724536992,1,20,1,34,1,1,1,3,1,10,1,14,1,1
46978852,1,102,2,106.521886574104,6,12,1,35,1,1,1,2,1,3,2,7,1,1
46984835,2,370,4,374.471562499995,1,11,1,37,1,1,1,2,2,3,2,7,1,1
47267353,1,362,3,400.461620370392,6,11,1,45,1,1,1,2,2,9,1,2,1,1
47269857,2,340,2,337.921851851861,6,22,1,12,2,1,4,1,2,11,1,2,1,1
47327306,2,86,7,86.6347916666418,7,15,2,38,2,1,1,3,2,8,1,17,1,1
47344771,2,91,5,91.9800115741091,5,23,2,53,1,999,999,3,999,999,1,9,1,1
47353122,2,365,6,377.662916666712,4,15,1,40,1,1,1,3,1,11,1,9,1,1
47405812,2,79,7,80.4959953703219,1,11,1,26,2,1,1,3,1,3,2,14,1,1
47447435,2,379,6,377.601180555532,4,14,2,38,1,1,3,2,999,999,1,9,1,1
47545727,1,373,7,390.654548611143,3,15,2,53,2,999,999,1,2,2,999,7,1,1
47681562,2,27,4,28.4970023147762,5,11,2,48,2,2,1,3,1,3,1,18,1,1
47747005,1,373,7,390.790787036996,3,18,1,3,1,999,4,1,2,998,1,11,1,1
47790815,1,379,6,400.48726851854,6,11,1,14,1,999,4,2,2,999,1,11,1,1
47837972,1,379,6,400.73929398146,6,17,2,8,1,999,4,1,1,1,1,11,998,1
48021733,1,320,3,355.701018518535,3,16,1,35,1,1,999,3,999,999,1,5,1,1
48064114,2,339,1,342.892951388843,4,21,1,18,1,2,4,2,999,999,1,13,1,1
48112344,2,332,1,332.153206018498,1,3,1,26,1,999,999,2,999,999,997,2,1,1
48245576,2,32,2,39.5117476851447,2,12,2,18,2,1,1,3,1,4,1,11,1,1
48264817,1,102,2,116.500231481506,2,12,1,78,2,1,6,1,1,1,2,1,1,1
48437164,2,42,5,42.4896875000559,5,11,2,38,1,1,5,3,2,9,1,5,1,1
48451909,2,28,5,45.5654398148181,1,13,1,52,1,1,1,3,2,11,1,6,1,1
48478716,1,349,4,413.443842592649,5,10,1,37,2,1,1,3,1,8,1,5,1,1
48566599,2,357,5,357.419270833372,5,10,2,38,2,2,3,3,999,999,1,14,1,1
48583070,2,316,6,316.412118055508,6,9,2,13,1,1,4,2,999,999,1,16,1,1
48711852,1,352,7,369.462141203694,3,11,1,29,2,2,1,3,1,2,1,18,1,1
48874542,2,332,1,333.973310185131,2,23,2,38,1,1,1,3,2,10,1,16,1,1
48885926,1,374,1,427.534652777831,5,12,2,3,2,999,1,999,2,4,1,6,1,1
49036139,2,340,2,337.877106481465,6,21,2,18,1,2,4,2,999,999,1,5,1,1
49051874,2,105,5,109.499953703722,2,11,2,13,2,999,999,1,2,7,1,18,1,1
49059689,2,318,1,319.673402777757,2,16,2,28,2,1,3,3,1,5,1,5,1,1
49226652,2,375,2,375.388900463004,2,9,1,41,1,1,1,2,1,2,1,15,1,1
49249560,1,320,3,337.725787037052,6,17,1,54,1,1,1,3,2,7,1,17,1,1
49392448,2,339,1,341.902650462929,3,21,2,23,2,1,1,3,1,5,1,7,1,1
49616996,2,339,1,346.774421296315,1,18,2,13,2,999,999,2,2,9,1,3,1,1
49658715,2,323,6,323.975937500014,6,23,2,43,1,1,1,3,1,9,1,11,1,1
49875021,2,231,5,231.848750000005,5,20,1,30,2,1,1,3,1,5,1,2,1,1
49924420,2,178,1,178.808032407425,1,19,1,28,1,2,3,3,2,11,1,6,1,1
49995427,2,29,6,26.8553356481716,3,20,1,15,1,999,999,2,2,3,1,9,1,1
50008060,2,331,7,344.717604166712,6,17,1,2,2,999,999,1,1,5,1,18,1,1
50042587,1,34,4,83.4528124999488,4,10,1,45,2,999,5,2,2,4,998,17,1,1
50074653,1,46,2,83.7682754630223,4,18,2,38,1,1,1,3,1,6,1,15,1,1
50084327,2,339,1,339.509756944492,1,12,1,3,2,1,4,1,2,5,1,15,1,1
50139229,1,373,7,393.683356481488,6,16,1,36,2,1,1,2,1,2,2,5,1,1
50322326,2,375,2,372.539375000051,6,12,2,43,2,999,999,999,999,999,1,999,1,1
50386662,2,356,4,360.670138888876,1,16,2,58,1,2,6,3,999,999,1,13,1,1
50440925,2,331,7,336.777581018512,5,18,1,24,2,999,999,3,2,9,1,16,1,1
50513512,2,163,7,165.01855324069,2,0,1,55,2,2,6,2,1,1,1,14,1,1
50519942,1,32,2,83.6074884259142,4,14,1,42,1,1,3,2,2,5,2,13,1,1
50618404,2,350,5,348.869004629669,3,20,1,22,2,1,1,3,1,3,2,6,1,1
50668489,1,362,3,393.643900463008,6,15,1,8,2,1,4,1,999,999,1,12,1,1
50738539,1,101,1,118.439259259263,4,10,1,60,2,1,5,2,2,5,2,11,1,1
50883182,1,102,2,105.748194444459,5,17,1,75,1,999,6,3,999,999,1,17,1,1
50895211,2,97,4,95.6560648147715,2,15,2,13,2,999,999,2,999,999,997,14,1,1
50919735,1,349,4,368.719768518466,2,17,1,51,1,1,1,1,1,3,1,3,1,1
51017991,1,336,5,354.443738425965,2,10,2,58,2,999,5,1,2,998,999,14,1,1
51105699,2,27,4,29.773460648139,6,18,2,33,2,1,1,3,1,4,1,2,1,1
51267470,1,213,1,260.49797453708,6,11,1,48,2,1,1,1,1,3,2,18,1,1
51273253,2,389,2,391.544803240686,4,13,1,11,1,1,4,1,2,10,1,8,1,1
51480006,2,60,2,60.7896064814413,2,18,2,23,2,1,1,3,1,4,1,14,1,1
51570411,2,84,5,83.4532060185447,4,10,2,28,2,1,1,3,1,5,1,16,1,1
51580764,2,311,1,308.326006944408,5,7,2,33,1,1,1,3,2,7,1,999,1,1
51621637,2,374,1,375.681006944389,2,16,1,36,1,1,1,3,2,11,1,18,1,1
51675219,2,351,6,348.882754629594,3,21,1,27,2,999,999,3,999,999,2,17,1,1
51688983,1,213,1,260.453634259291,6,10,1,42,2,999,5,1,2,2,2,10,1,1
51758126,1,379,6,400.67094907409,6,16,1,4,1,999,4,1,2,5,1,2,1,1
51804787,2,340,2,341.434236111119,3,10,2,28,2,1,1,3,1,5,1,18,1,1
51816850,2,423,1,426.830266203731,4,19,2,13,1,1,4,2,2,10,1,2,1,1
51971408,2,21,5,19.6325347222155,3,15,2,33,2,999,999,3,999,999,997,6,1,1
51996739,2,352,7,350.625451388885,5,15,1,35,2,1,1,3,1,4,1,14,1,1
52252915,2,43,6,44.664155092556,7,15,1,62,1,1,6,2,1,9,1,14,1,1
52465278,2,339,1,336.798912037048,5,19,2,13,2,999,999,2,999,999,1,7,1,1
52514473,2,32,2,33.6534259258769,3,15,1,6,2,1,4,1,2,7,1,15,1,1
52526919,1,379,6,400.475624999963,6,11,1,9,2,999,4,997,2,5,1,6,1,1
52538370,2,334,3,332.953263888834,1,22,1,32,1,1,1,2,1,6,1,7,1,1
52644438,2,168,5,166.891493055504,3,21,1,51,1,1,1,2,1,7,1,6,1,1
52807309,2,339,1,336.889664351824,5,21,2,43,2,1,1,3,1,6,1,18,1,1
52880532,1,336,5,348.495983796311,3,11,1,53,1,1,1,2,2,8,2,6,1,1
53035837,2,27,4,28.8524768518982,5,20,1,20,1,1,4,2,1,1,1,2,1,1
53130951,2,331,7,331.907083333354,7,21,2,28,1,1,1,3,999,999,1,2,1,1
53193716,1,352,7,369.72074074077,3,17,2,18,1,1,1,3,1,4,1,15,1,1
53326127,1,336,5,355.641458333354,3,15,1,60,1,1,6,2,999,999,1,17,1,1
53329656,2,328,4,328.586759259226,4,14,1,23,2,2,4,3,2,5,1,15,1,1
53475379,1,99,6,106.5259606482,6,12,1,23,2,1,1,3,1,3,2,9,1,1
53478679,1,320,3,351.606261574081,6,14,1,70,1,999,6,2,1,1,2,6,1,1
53506126,1,333,2,407.627789351856,6,15,1,49,2,2,1,2,2,8,2,18,1,1
53631408,2,27,4,28.5013078703778,5,12,1,29,2,1,1,3,1,6,1,2,1,1
53689754,2,339,1,340.753715277766,2,18,2,23,2,1,1,3,1,4,2,6,1,1
53802698,2,339,1,339.915844907402,1,21,1,29,2,1,1,3,1,4,1,14,1,1
53811246,1,102,2,119.668310185196,5,16,1,75,2,999,6,2,999,999,2,8,1,1
53894905,2,334,3,335.505578703713,4,12,2,43,2,999,999,3,999,999,1,18,1,1
53976593,2,86,7,98.4013657406904,5,9,1,30,2,1,1,3,1,6,1,7,1,1
54066249,1,352,7,369.555069444468,3,13,2,33,1,1,1,3,1,5,1,18,1,1
54148231,1,333,2,354.634224537062,2,15,1,53,2,999,999,2,1,1,1,6,1,1
54164281,2,423,1,422.871643518563,7,20,2,43,1,999,999,2,999,999,2,8,1,1
54263537,2,85,6,85.0080902777845,6,0,2,38,2,1,1,2,1,4,1,2,1,1
54279943,1,392,5,400.708692129585,6,17,1,1,2,999,999,999,2,3,1,2,1,1
54352448,1,352,7,369.638958333293,3,15,1,4,1,1,4,1,2,3,1,6,1,1
54378468,2,91,5,90.5752430555876,4,13,1,22,2,1,1,3,999,999,1,8,1,1
54470030,1,102,2,125.533564814832,4,12,1,66,2,999,5,2,2,6,2,14,1,1
54550414,2,10,1,11.0013310185168,2,0,2,53,2,1,6,2,2,9,1,2,1,1
54643422,2,334,3,335.737372685224,4,17,1,4,2,1,4,1,999,999,1,10,1,1
54775752,2,353,1,353.976875000051,1,23,2,23,1,1,1,3,2,5,2,14,1,1
54787848,2,370,4,374.967638888862,1,23,2,3,1,999,999,999,999,999,1,2,1,1
54970399,2,23,7,23.4410532407928,7,10,2,48,2,1,1,3,1,6,1,17,1,1
55157168,1,352,7,369.481967592612,3,11,1,37,2,2,1,3,1,1,1,14,1,1
55212238,2,366,7,367.003946759272,1,0,1,35,1,1,3,3,1,9,2,9,1,1
55235710,1,373,7,390.714953703689,3,17,1,14,2,999,4,2,2,3,1,2,1,1
55257573,1,13,4,15.5012731481111,6,12,1,57,1,1,1,2,1,5,1,6,1,1
55327162,1,102,2,106.500081018545,6,12,2,38,2,999,5,2,2,2,2,5,1,2
55349938,2,85,6,85.9986458333442,6,23,2,28,2,999,999,3,999,999,1,11,1,1
55377154,1,397,3,424.448611111147,2,10,1,10,2,999,999,999,2,999,1,18,1,1
55603182,1,334,3,348.635497685173,3,15,2,43,1,1,1,3,1,5,1,11,1,1
55607039,1,352,7,369.728009259212,3,17,2,28,2,1,1,3,1,8,1,1,1,1
55646398,1,352,7,370.491666666698,4,11,1,5,1,999,4,1,999,999,1,17,1,1
55646506,1,320,3,351.72184027778,6,17,1,66,2,999,6,2,2,2,1,1,1,1
55697547,2,328,4,341.676770833321,3,16,2,18,2,1,1,3,999,999,1,13,1,1
55774986,1,34,4,83.4672800926492,4,11,1,65,2,999,6,1,2,6,1,13,1,1
55787046,2,213,1,213.881990740774,1,21,1,16,1,1,4,2,999,999,1,5,1,1
55816958,1,213,1,260.463599537034,6,11,1,65,2,1,3,2,1,5,997,13,1,1
55860631,1,373,7,391.498449074104,4,11,2,33,1,1,1,3,999,999,1,6,1,1
56046687,1,349,4,351.749537036987,6,17,1,3,1,999,4,999,999,999,1,2,1,1
56107256,2,314,4,315.014085648116,5,0,1,22,1,1,4,3,2,8,1,2,1,1
56189352,2,28,5,30.0146874999627,7,0,1,38,1,1,1,3,1,8,1,18,1,1
56216631,2,375,2,373.002141203731,7,0,2,33,1,2,1,3,999,999,1,1,1,1
56268855,1,198,7,259.621608796297,5,14,2,58,1,1,1,999,1,6,1,10,1,1
56299382,1,34,4,82.756678240723,3,18,1,66,2,999,5,1,999,999,2,17,1,1
56303770,1,145,3,253.539409722202,6,12,1,19,2,2,4,3,1,1,1,17,1,1
56317255,1,320,3,351.716469907435,6,17,1,62,1,2,3,2,1,3,2,17,1,1
56633857,1,99,6,116.485694444389,2,11,2,13,1,999,4,1,999,999,1,11,1,1
56656760,2,357,5,358.500509259291,6,12,2,53,1,999,999,2,2,4,1,2,1,1
56725452,2,204,6,204.564733796287,6,13,2,23,2,999,999,3,2,7,1,14,1,1
57065386,2,31,1,34.493229166721,4,11,2,48,2,2,3,3,1,3,1,6,1,1
57128384,1,352,7,417.444074074039,2,10,1,34,2,1,1,3,1,5,1,2,1,1
57197274,2,350,5,353.981458333321,1,23,2,58,1,999,999,3,1,8,1,14,1,1
57300101,1,145,3,173.495289351908,3,11,1,3,1,999,997,1,2,5,1,7,1,1
57387685,2,352,7,356.669293981511,4,16,2,38,1,1,1,2,1,4,1,2,1,1
57440023,1,349,4,370.66535879625,4,15,1,12,2,999,4,1,2,6,2,12,1,1
57443819,2,339,1,337.07413194445,6,1,2,13,2,999,999,1,999,999,2,14,1,1
57487336,1,379,6,400.454201388871,6,10,1,1,2,999,997,1,2,2,1,16,1,1
57552032,2,334,3,330.943958333344,6,22,2,23,1,1,1,3,999,4,1,999,1,1
57555724,2,27,4,32.4275810185354,2,10,1,23,2,1,1,3,1,4,1,2,1,1
57646962,2,398,4,400.730416666716,6,17,1,3,2,999,999,1,2,7,1,2,1,1
57697220,2,357,5,357.140682870406,5,3,2,33,1,1,1,3,1,8,1,13,1,1
57896969,2,387,7,388.95857638889,1,23,1,14,2,999,999,2,2,7,1,14,1,1
57928253,2,427,5,429.54793981486,7,13,2,23,1,1,1,2,1,2,1,14,1,1
57938188,2,22,6,23.4580555555876,7,10,2,18,1,1,4,3,999,999,1,18,1,1
58163225,1,28,5,36.795231481432,6,19,1,32,2,1,1,2,1,3,1,18,1,1
58408751,2,127,6,127.685416666674,6,16,2,23,1,1,1,2,1,5,1,17,1,1
58439159,1,349,4,370.44896990736,4,10,1,71,2,1,5,1,1,1,997,13,1,1
58509536,2,141,6,138.79122685187,3,18,2,13,1,1,4,998,999,999,2,1,1,1
58573950,2,366,7,363.533495370415,4,12,2,33,2,1,1,3,1,8,1,18,1,1
58577813,1,145,3,259.521261574118,5,12,1,72,2,999,5,2,2,2,1,2,1,1
58753797,2,357,5,358.879837962915,6,21,2,53,1,999,999,3,1,9,1,2,1,1
58784815,1,359,7,370.596597222262,4,14,1,3,2,999,4,1,2,3,1,18,1,1
58971485,2,314,4,315.961805555504,5,23,1,21,2,1,4,2,1,2,997,2,1,1
59035061,1,349,4,371.442881944473,5,10,1,12,2,1,4,1,2,998,1,12,1,1
59108938,2,339,1,340.554814814823,2,13,1,6,1,999,999,1,2,9,1,14,1,1
59199766,1,28,5,36.7783217593096,6,18,1,65,1,999,6,3,999,1,1,3,1,1
59235352,1,373,7,400.524282407365,6,12,1,40,1,2,1,999,1,1,1,3,1,1
59379543,2,350,5,349.42403935187,4,10,2,18,2,999,999,3,999,999,2,17,1,1
59400976,2,141,6,141.434386574081,6,10,1,2,2,999,999,1,2,9,1,6,1,1
59460120,2,91,5,90.569270833279,4,13,1,21,1,1,4,3,2,11,1,3,1,1
59544261,2,334,3,334.781678240746,3,18,1,26,1,1,1,3,1,4,2,11,1,1
59720104,2,389,2,398.399062499986,4,9,2,13,2,1,4,1,999,999,1,17,1,1
59741633,2,91,5,91.8745486111147,5,20,1,20,2,1,4,2,999,999,1,13,1,1
59783280,2,32,2,33.3759722221876,3,9,1,25,1,1,1,3,1,3,1,2,1,1
59824347,1,25,2,32.7601041666931,2,18,2,48,2,1,1,2,1,6,1,3,1,1
59861568,2,344,6,342.952314814786,4,22,2,33,1,1,1,3,999,999,1,3,1,1
60050415,2,353,1,354.444432870368,2,10,1,32,2,999,999,999,2,8,1,17,1,1
60150356,2,357,5,357.8112384259,5,19,2,8,2,1,4,1,999,999,1,16,1,1
60178680,2,42,5,43.766736111138,6,18,2,43,1,1,2,3,2,7,1,8,1,1
60192001,2,331,7,329.731562500005,5,17,2,18,1,1,1,3,999,999,1,6,1,1
60307151,1,333,2,368.658854166628,2,15,1,72,1,999,6,2,1,1,2,11,1,999
60332682,1,333,2,368.625613425975,2,15,1,53,2,2,5,2,2,8,1,17,1,1
60430487,2,357,5,355.730868055602,3,17,1,5,1,999,999,1,999,999,1,5,1,1
60492313,2,351,6,352.642187500023,7,15,1,17,1,2,4,2,1,1,1,12,1,999
60588645,2,370,4,370.945810185163,4,22,2,13,2,999,999,2,999,999,1,16,1,1
60638652,2,37,7,37.9234259258956,7,22,1,20,2,1,3,2,1,997,1,11,1,1
60746278,2,357,5,362.94491898152,3,22,1,9,2,1,4,1,2,6,2,11,2,1
60749242,2,344,6,343.558807870373,5,13,2,23,1,1,1,2,1,3,2,18,1,1
60786097,2,331,7,332.4714467593,1,11,1,7,1,1,4,1,2,8,1,18,1,1
60869355,1,349,4,348.480624999967,3,11,1,65,1,1,6,1,2,7,2,14,1,1
60944735,2,84,5,82.7322106481297,3,17,2,28,2,1,1,3,999,999,1,2,1,1
61051981,2,219,7,217.696666666656,5,16,1,41,2,1,3,2,999,999,1,15,1,1
61143500,2,365,6,368.65425925923,2,15,2,33,1,1,1,3,1,8,1,2,1,1
61193493,2,318,1,316.639594907407,6,15,2,43,2,1,1,2,999,999,1,2,1,1
61270511,1,333,2,348.468634259305,3,11,1,64,2,1,5,2,2,6,2,14,1,1
61277462,2,81,2,83.7443055555923,4,17,1,53,1,1,1,3,1,10,1,2,1,1
61377782,2,352,7,354.418807870359,2,10,1,48,1,1,1,3,1,9,2,8,1,1
61418435,1,145,3,259.533923611161,5,12,1,66,1,999,6,2,1,999,1,18,1,1
61459785,2,328,4,328.559328703675,4,13,2,8,2,999,999,1,999,999,1,5,1,1
61487886,1,99,6,105.752789351856,5,18,1,71,1,999,6,2,2,999,1,2,1,1
61536246,2,91,5,92.4692476851633,6,11,1,32,2,1,1,3,2,4,1,9,1,1
61711545,2,30,7,29.8587847221643,6,20,2,43,2,1,2,3,1,6,1,5,1,1
61743700,2,84,5,82.6890625000233,3,16,1,57,2,1,5,1,2,4,1,13,1,1
61767959,1,334,3,368.52087962965,2,12,1,25,2,1,1,2,1,6,1,5,1,1
61770335,1,336,5,354.658553240704,2,15,1,7,1,999,4,1,999,999,1,13,1,1
61780253,1,35,5,83.4627546296688,4,11,1,54,1,1,1,2,2,6,1,2,1,1
61949230,1,333,2,354.682893518475,2,16,1,62,1,999,6,1,2,6,1,18,1,1
61983185,2,111,4,114.922372685163,7,22,1,18,2,1,4,2,1,1,1,6,1,1
62010218,2,346,1,344.600509259268,6,14,2,38,2,1,1,2,999,999,1,5,1,1
62011974,2,339,1,339.970717592631,1,23,2,18,1,999,999,3,1,1,1,6,1,1
62132019,1,35,5,83.6372453704244,4,15,1,42,2,1,1,2,1,4,1,13,1,1
62135461,2,318,1,317.705381944426,7,16,1,18,1,2,4,2,1,1,1,2,1,1
62176309,2,332,1,337.896423611091,6,21,1,21,2,1,4,3,2,998,1,14,1,1
62310371,2,17,1,25.5029629629571,2,12,2,28,2,1,1,3,1,5,1,5,1,1
62323231,2,19,3,19.9170486110961,3,22,2,23,1,999,999,3,999,999,1,3,1,1
62568804,2,392,5,391.665914351819,4,15,1,21,1,999,999,2,2,4,1,7,1,1
62591993,2,339,1,336.915567129618,5,21,2,33,2,1,1,3,999,999,1,17,1,1
62630853,2,340,2,342.847627314855,4,20,2,8,1,999,999,1,999,999,1,16,1,1
62637506,2,213,1,213.943425925914,1,22,2,28,2,1,1,3,1,5,1,6,1,1
62641559,1,359,7,369.653009259258,3,15,1,66,2,999,6,2,2,7,2,1,1,1
62675382,2,84,5,83.4598379629897,4,11,2,33,2,1,1,3,999,999,1,17,1,1
62691603,2,21,5,22.1193402777426,6,2,2,33,2,1,1,3,1,8,1,7,1,1
62705764,2,331,7,331.8046875,7,19,2,43,2,1,1,3,1,8,2,14,1,1
62754155,2,91,5,94.9178935184609,1,22,2,23,2,999,999,3,999,999,2,14,1,999
62826765,2,328,4,331.450046296348,7,10,2,3,1,999,999,1,1,1,1,17,1,1
63008192,2,97,4,98.0076620370382,5,0,1,16,1,1,4,2,1,998,1,14,1,1
63271948,1,35,5,83.5995138889411,4,14,1,64,1,999,6,1,1,1,1,5,1,1
63322807,1,71,6,83.7334259259515,4,17,1,77,2,999,6,1,1,1,2,11,1,1
63362095,2,339,1,339.524629629683,1,12,2,23,1,999,999,3,1,3,2,14,1,1
63397236,1,32,2,83.4751041666605,4,11,1,65,2,999,6,1,999,999,2,7,1,1
63426566,1,23,7,83.655578703736,4,15,1,53,2,1,1,3,2,10,2,2,1,1
63521733,2,346,1,347.644212962943,2,15,2,53,1,999,999,2,2,7,2,14,1,1
63745362,2,377,4,376.600763888913,3,14,1,4,1,999,999,1,999,999,1,13,1,1
63833365,1,333,2,354.628449074109,2,15,1,60,1,2,6,2,1,2,2,14,1,1
63866678,2,209,4,208.58560185181,3,14,2,53,1,1,1,3,1,11,1,5,1,1
64093003,1,43,6,83.7932870370569,4,19,2,48,2,999,5,2,999,999,2,2,1,1
64098064,2,22,6,23.6495601851493,7,15,1,25,2,1,1,3,1,6,1,14,1,1
64268051,2,351,6,352.9011342593,7,21,2,28,1,1,1,3,999,999,999,17,1,1
64422886,2,379,6,379.507210648153,6,12,1,3,1,999,1,997,2,8,1,14,1,1
64605820,2,366,7,366.549930555513,7,13,2,8,2,999,999,1,2,3,1,14,1,1
64643736,2,418,3,418.460798611166,3,11,2,8,2,999,999,1,999,999,1,7,1,1
64673278,2,356,4,360.578414351796,1,13,1,4,1,999,999,999,2,7,997,17,1,999
64699726,2,323,6,323.26928240736,6,6,2,28,2,1,1,3,2,8,1,12,1,1
64734639,1,336,5,368.552777777775,2,13,1,23,1,1,1,3,1,3,1,11,1,1
64804978,2,331,7,329.601643518545,5,14,2,23,2,1,1,2,2,5,1,17,1,1
64914252,2,318,1,318.896504629636,1,21,2,38,1,1,3,2,1,2,1,5,1,1
64996187,2,10,1,29.5237847222015,6,12,2,23,1,1,1,3,1,4,1,2,1,1
65046116,2,366,7,365.952916666633,6,22,2,13,1,999,999,1,999,999,1,18,1,1
65119412,2,356,4,358.131967592635,6,3,1,10,1,1,4,1,2,6,1,18,1,1
65126455,1,320,3,354.530937499949,2,12,1,50,1,1,1,3,1,6,1,6,1,1
65147287,1,349,4,370.634375000023,4,15,2,58,1,1,1,1,1,3,1,3,1,1
65326152,2,27,4,26.7477430555737,3,17,1,25,1,1,1,3,1,3,1,14,1,1
65576691,2,357,5,355.676770833321,3,16,1,3,2,999,999,1,999,999,1,4,1,1
65614797,1,349,4,354.456261574058,2,10,1,54,1,1,1,1,1,2,1,6,1,1
65669222,2,43,6,43.4878703703871,6,11,1,31,1,1,1,2,1,5,1,5,1,1
65878115,1,12,3,18.6718171295943,2,16,1,63,2,999,999,2,999,7,1,2,1,1
65888368,1,198,7,259.625266203657,5,15,1,81,1,1,2,3,1,8,2,13,1,1
65894683,2,105,5,105.398564814823,5,9,2,18,1,1,1,3,1,4,1,11,1,1
65971613,2,79,7,77.7549189814599,5,18,2,48,2,999,999,2,999,999,1,13,1,1
66037401,1,333,2,354.595162037062,2,14,1,55,2,999,5,2,1,1,2,6,1,1
66044096,1,101,1,105.763865740737,5,18,2,18,1,1,1,3,1,2,1,3,1,1
66097828,2,351,6,354.386284722248,2,9,1,19,2,2,4,3,999,999,1,11,1,1
66166471,2,370,4,370.84664351854,4,20,2,13,1,1,4,1,999,999,1,10,1,1
66168894,2,352,7,350.620046296273,5,14,2,43,1,1,1,3,1,11,1,14,1,1
66529683,2,28,5,27.0196296296781,4,0,1,44,1,1,1,2,1,2,1,7,1,1
66751965,2,115,1,119.46835648152,5,11,1,22,2,1,4,3,999,999,1,3,1,1
66856327,1,35,5,83.6656018518843,4,15,1,48,1,1,1,2,1,4,1,6,1,1
66883812,2,180,3,180.959016203647,3,23,1,26,2,1,1,3,1,4,1,13,1,1
66912749,1,392,5,400.683136574109,6,16,1,12,2,999,4,1,999,999,1,13,1,1
67137517,2,323,6,330.849328703713,6,20,1,52,1,1,1,2,1,8,1,15,1,1
67484458,1,373,7,390.690763888881,3,16,1,9,2,999,4,1,999,998,1,18,1,1
67580946,1,24,1,28.7694907407276,5,18,1,36,2,1,1,3,1,4,1,9,1,1
67673773,2,328,4,326.885763888946,2,21,1,19,1,2,4,3,1,1,1,13,1,1
67780617,1,81,2,116.479074074072,2,11,2,63,2,999,5,2,2,4,2,5,1,1
67890127,1,17,1,25.7305787036894,2,17,1,58,2,1,1,2,1,2,1,12,1,1
68000530,2,314,4,314.04976851854,4,1,1,26,1,2,1,3,999,999,1,7,1,1
68140325,2,91,5,92.4435300925979,6,10,1,21,1,2,1,2,999,999,1,2,1,1
68362333,1,25,2,29.8082986110821,6,19,2,48,2,1,1,2,1,3,1,18,1,1
68370147,2,337,6,338.491678240709,7,11,1,33,1,1,1,3,1,5,1,1,1,1
68591939,2,352,7,350.786284722271,5,18,2,38,1,1,1,3,2,9,1,18,1,1
68593450,1,29,6,106.731689814827,6,17,1,77,2,999,5,2,999,999,2,11,1,1
68755928,2,318,1,319.71914351848,2,17,2,48,2,1,1,2,2,8,1,3,1,1
68926036,2,370,4,371.042418981437,5,1,2,33,1,1,1,3,1,5,2,999,1,1
68933514,1,397,3,427.452037037001,5,10,1,4,2,999,4,1,2,9,1,14,1,1
69032437,2,328,4,328.741724536987,4,17,2,48,2,999,999,3,999,999,1,2,1,1
69062339,1,216,4,260.554374999949,6,13,1,59,2,999,6,2,2,3,1,5,1,1
69129801,1,102,2,116.522094907355,2,12,1,61,1,2,6,2,1,3,1,6,1,1
69137285,1,379,6,400.739745370345,6,17,1,4,2,999,999,1,2,1,1,7,1,1
69373872,1,216,4,265.426018518512,4,10,1,43,1,1,1,2,2,7,1,12,1,1
69484780,2,316,6,317.603483796353,7,14,1,20,1,1,4,2,1,1,1,15,1,1
69637785,2,323,6,321.930057870341,4,22,1,47,1,1,3,3,2,4,1,15,1,1
69657024,2,42,5,42.454814814846,5,10,2,23,2,1,1,3,999,999,1,16,1,1
69686269,2,60,2,60.5158680555178,2,12,2,33,1,1,1,3,1,8,1,14,1,1
69696039,2,350,5,348.926331018563,3,22,2,38,2,1,1,3,1,4,1,1,1,1
69715294,1,355,3,370.496261574095,4,11,2,53,1,1,1,1,2,7,2,17,1,1
69752642,2,351,6,351.929039351875,6,22,2,13,1,1,4,1,2,3,1,999,1,1
69813337,1,359,7,369.695775463013,3,16,1,65,1,999,6,1,1,1,1,3,1,1
69933227,2,351,6,349.687199074076,4,16,1,17,1,1,4,2,1,1,1,6,1,1
70087084,2,27,4,29.4797106481856,6,11,2,33,2,1,1,3,2,5,1,11,1,1
70253310,1,23,7,25.6151041666744,2,14,1,54,2,999,999,2,1,5,2,13,1,1
70346530,2,311,1,311.886064814869,1,21,2,48,2,999,999,3,999,999,1,6,1,1
70419190,2,353,1,354.607696759282,2,14,1,21,1,2,4,2,999,999,1,17,1,1
70586548,2,366,7,367.998599537066,1,23,2,38,1,1,1,3,1,7,1,11,1,1
70658523,2,30,7,32.0995949073695,2,2,2,53,2,1,1,3,1,8,1,13,1,1
70690911,1,373,7,390.684490740765,3,16,1,69,1,999,6,2,1,999,1,13,1,1
70710924,2,314,4,314.667476851842,4,16,2,48,2,1,1,3,1,8,997,9,1,1
70740449,2,379,6,386.000578703708,6,0,1,14,2,1,4,2,2,7,1,18,1,1
70840470,1,86,7,111.738912036992,4,17,1,26,2,1,1,3,1,4,1,11,1,1
70840745,2,204,6,205.481979166623,7,11,1,54,2,1,1,2,1,5,1,14,1,1
70847722,1,352,7,364.491608796292,5,11,1,51,1,1,3,2,1,4,2,14,1,1
70915663,1,32,2,82.7745601851493,3,18,1,56,1,1,1,2,1,7,1,3,1,1
71179205,2,84,5,83.7632060184842,4,18,1,27,2,1,1,3,1,6,1,11,1,1
71239692,1,379,6,400.450335648144,6,10,1,4,1,1,4,1,2,9,1,18,1,1
71246681,2,28,5,29.7131944444263,6,17,1,18,2,1,4,2,999,999,1,18,1,1
71295020,2,344,6,344.74417824077,6,17,1,27,1,1,3,3,1,3,1,5,1,1
71412551,2,86,7,84.9162500000093,5,21,1,47,1,1,999,2,999,999,1,17,1,1
71432880,2,339,1,336.853321759263,5,20,1,39,1,1,1,2,1,7,1,16,1,1
71498839,1,349,4,348.71146990743,3,17,1,12,1,1,4,2,999,1,1,18,1,1
71525487,1,98,5,125.546226851875,4,13,1,24,1,1,1,3,1,3,1,13,1,1
71542602,2,231,5,244.659502314869,4,15,2,38,1,1,1,3,2,8,1,13,1,1
71707892,1,333,2,368.687719907379,2,16,1,26,2,1,1,2,2,8,1,13,1,1
71790170,2,196,5,199.809050925891,1,19,2,58,1,1,1,2,1,4,1,6,1,1
71798424,1,317,7,355.658194444492,3,15,1,72,1,999,6,2,2,2,2,1,1,1
71872234,1,129,1,253.52782407403,6,12,1,55,2,1,1,2,1,3,1,12,1,1
71960333,2,219,7,223.685208333307,4,16,2,13,1,1,4,1,2,8,1,6,1,1
71985549,1,145,3,166.735613425961,3,17,1,84,1,999,6,3,1,5,2,1,1,1
72028257,2,428,6,428.614270833321,6,14,2,13,1,999,1,3,2,5,1,3,1,1
72078799,2,219,7,217.918761574081,5,22,2,43,2,999,999,3,999,999,1,13,1,1
72105847,1,333,2,364.550439814804,5,13,1,19,1,1,4,2,999,998,1,9,1,1
72126980,1,317,7,355.666504629655,3,15,1,62,2,2,1,1,1,1,997,1,1,1
72219277,1,336,5,348.699965277803,3,16,1,69,1,999,6,2,1,5,2,17,1,1
72397375,2,42,5,41.4982754630037,4,11,2,33,1,1,1,3,1,8,1,2,1,1
72419995,2,340,2,338.70621527778,7,16,1,22,1,1,4,3,1,2,1,3,1,1
72459175,1,320,3,355.709166666726,3,17,1,50,1,1,1,3,1,1,1,15,1,1
72470897,2,42,5,42.3800231481437,5,9,2,13,1,999,999,1,999,999,1,16,1,1
72708443,2,255,1,253.484189814772,6,11,1,29,1,1,1,3,1,9,1,1,1,1
72754022,2,375,2,376.425949074095,3,10,1,6,2,1,4,1,1,1,1,5,1,1
72769522,1,29,6,82.7971180555178,3,19,1,63,2,999,5,2,999,999,1,2,1,1
72798199,2,350,5,363.491180555546,4,11,2,38,2,1,1,3,1,7,1,13,1,1
72977412,1,29,6,117.710960648139,3,17,1,75,1,999,999,2,2,5,2,1,1,1
72999795,2,344,6,342.637037037057,4,15,2,23,1,1,1,3,1,4,1,13,1,1
73016379,2,318,1,318.974386574118,1,23,1,26,1,1,1,3,1,3,1,6,1,1
73051890,1,373,7,390.662280092598,3,15,1,3,1,999,4,1,999,999,1,2,1,1
73207394,2,332,1,331.625833333354,7,15,2,38,1,1,1,2,2,7,1,6,1,1
73335815,1,129,1,259.573356481502,5,13,2,63,1,999,6,2,2,5,2,8,1,1
73444664,2,331,7,330.464861111133,6,11,1,53,2,999,999,2,1,1,1,11,1,1
73463764,2,344,6,347.772974536987,2,18,2,48,1,1,3,3,2,8,1,6,1,1
73474238,2,375,2,372.877141203731,6,21,1,43,1,1,1,2,2,9,1,11,1,1
73647579,2,377,4,377.905023148167,4,21,1,36,1,1,1,2,1,4,1,9,1,1
73855016,2,91,5,91.929664351861,5,22,2,53,1,1,1,1,999,999,1,17,1,1
73959330,2,105,5,105.991805555532,5,23,1,53,1,1,1,3,1,7,1,9,1,1
73985604,2,42,5,43.4683680555318,6,11,2,23,2,1,1,3,1,4,1,11,1,1
74002564,1,333,2,354.493043981493,2,11,2,48,2,1,1,2,1,2,2,12,1,1
74085700,2,42,5,43.9705787036801,6,23,2,33,2,1,1,3,1,6,1,2,1,1
74182378,1,32,2,83.6180787037592,4,14,1,46,1,1,1,3,1,9,1,5,1,1
74341776,1,352,7,369.731863425928,3,17,1,68,1,999,6,3,1,3,2,13,1,1
74395000,2,328,4,330.373622685205,6,8,2,33,1,999,999,3,2,6,1,11,1,1
74643171,1,336,5,370.684768518549,4,16,1,75,1,999,6,3,1,1,2,8,1,1
74722095,2,334,3,331.558020833298,7,13,1,17,2,1,4,2,999,999,1,15,1,1
74746631,1,352,7,370.712696759263,4,17,1,8,1,999,4,1,2,3,1,3,1,1
75031341,2,339,1,339.417083333363,1,10,2,13,1,999,999,999,999,999,1,6,1,1
75083808,1,317,7,351.660289351828,6,15,2,58,2,1,5,3,2,11,997,2,1,1
75374365,2,366,7,366.953402777785,7,22,1,37,1,2,3,3,1,4,1,16,1,1
75378155,2,366,7,367.019432870322,1,0,2,33,2,1,1,3,1,5,1,11,1,1
75429549,1,349,4,369.432488425868,3,10,2,53,1,999,6,2,2,2,1,15,1,1
75567561,1,352,7,370.69767361111,4,16,1,66,1,999,6,2,999,999,997,11,1,1
75567684,1,424,2,434.436331018573,5,10,1,11,1,1,4,1,2,6,2,12,1,1
75580612,1,333,2,348.654861111077,3,15,1,47,2,1,5,1,999,2,2,14,1,2
75583332,2,375,2,375.619166666642,2,14,1,13,1,999,999,998,2,998,1,14,1,1
75584042,1,352,7,369.510763888946,3,12,2,48,1,1,1,2,2,8,1,8,1,1
75606099,2,323,6,323.013217592612,6,0,2,58,2,999,999,2,999,999,1,11,1,1
75622875,2,328,4,334.695520833367,3,16,2,63,2,999,999,3,2,9,2,5,1,1
75747938,2,377,4,375.82233796292,2,19,1,33,2,2,1,3,2,4,2,6,1,1
75774827,2,85,6,88.0162384259747,2,0,1,21,1,1,4,2,1,1,1,13,1,1
75802190,2,169,6,168.562789351796,5,13,2,28,2,2,5,3,1,1,1,11,1,1
75821626,2,339,1,339.660729166702,1,15,2,18,1,1,1,3,1,3,1,13,1,1
75823597,2,351,6,349.818229166674,4,19,2,38,2,1,1,3,1,5,2,13,1,1
75887319,2,332,1,333.910659722169,2,21,2,18,1,1,1,3,2,3,1,13,1,1
75974112,1,43,6,83.7780671296641,4,18,1,59,2,999,6,1,1,1,1,11,1,1
76052461,2,219,7,219.999525462976,7,23,2,23,2,1,1,3,1,6,1,13,1,1
76066410,2,314,4,314.685069444473,4,16,2,43,2,1,997,2,2,6,1,1,1,1
76109939,2,332,1,332.971365740756,1,23,2,43,2,2,1,2,1,3,1,2,1,1
76126531,2,332,1,331.492118055583,7,11,2,48,2,1,1,2,999,999,1,13,1,1
76189078,1,352,7,370.48291666666,4,11,2,43,2,2,1,2,1,6,1,3,1,1
76212658,1,373,7,400.745787037071,6,17,1,14,2,999,4,998,999,999,1,17,1,1
76250789,1,35,5,83.4711574073881,4,11,1,62,2,999,6,2,1,1,2,14,1,1
76281183,1,216,4,265.451064814813,4,10,1,63,2,999,6,3,1,1,1,2,1,1
76317899,2,339,1,337.487893518526,6,11,1,25,1,1,4,3,1,1,1,3,1,1
76349818,1,397,3,431.495590277831,2,11,1,4,2,1,4,1,2,8,1,6,1,1
76739432,1,333,2,348.672858796315,3,16,1,57,1,1,1,3,1,10,1,3,1,1
76973593,1,379,6,393.68769675924,6,16,1,12,1,1,4,1,2,5,1,14,1,1
77053784,2,365,6,366.973298611119,7,23,2,3,1,999,999,999,999,999,1,6,1,1
77069618,2,377,4,377.645046296297,4,15,2,28,1,1,1,3,1,5,1,16,1,1
77133623,1,336,5,355.55232638889,3,13,1,18,2,2,1,1,1,1,1,13,1,1
77153357,2,332,1,329.970185185201,5,23,1,18,1,2,4,3,1,1,1,6,1,1
77166129,2,328,4,329.464236111147,5,11,2,43,1,1,1,3,999,999,1,16,1,1
77283739,2,314,4,313.55395833333,3,13,2,13,2,999,999,2,2,998,1,11,1,1
77319220,2,91,5,91.5616203703685,5,13,2,23,2,1,1,3,999,999,1,9,1,1
77355737,2,31,1,43.4865393518703,6,11,2,48,2,2,1,2,999,999,1,2,1,1
77400450,2,60,2,60.5123379629804,2,12,2,48,2,1,1,2,2,4,2,8,1,1
77477417,2,346,1,346.978125000023,1,23,2,38,2,999,999,3,999,999,2,17,1,1
77514857,2,357,5,363.411874999991,4,9,2,13,2,1,4,1,1,1,1,14,1,1
77647346,2,375,2,384.593842592556,4,14,1,33,1,1,1,3,1,7,1,2,1,1
77710158,2,22,6,24.0588888889179,1,1,1,25,1,1,1,3,1,4,1,17,1,1
77725637,2,377,4,376.853819444426,3,20,2,13,1,999,999,1,999,999,1,17,1,1
77748949,1,29,6,32.7014004630037,2,16,1,58,1,2,3,2,1,2,1,3,1,1
78027519,2,377,4,385.974687500042,5,23,2,3,2,999,999,1,2,10,1,1,1,1
78096234,2,180,3,179.93789351848,2,22,2,28,2,2,3,3,2,5,2,14,1,1
78151694,1,253,6,271.521539351903,3,12,2,53,2,2,1,1,2,9,1,13,1,1
78251014,2,16,7,27.5965509258676,4,14,2,28,2,1,1,3,999,999,1,2,1,1
78274084,2,334,3,332.610682870378,1,14,2,8,1,999,999,1,2,998,1,14,1,1
78394560,1,99,6,105.743587962934,5,17,1,65,2,999,6,2,999,999,2,2,1,1
78474807,2,370,4,370.704247685149,4,16,2,8,1,999,999,1,999,999,1,6,999,1
78475860,2,370,4,372.318749999977,6,7,2,28,1,1,1,3,1,5,1,8,1,1
78485378,1,13,4,28.7532986111473,5,18,1,65,2,2,1,1,1,1,1,6,1,1
78509088,2,318,1,319.958113425877,2,22,2,38,2,1,1,3,1,8,1,8,1,1
78573105,2,331,7,337.991319444496,6,23,2,13,1,1,4,2,1,1,1,2,1,1
78658758,2,85,6,85.6810879629338,6,16,1,54,2,1,1,2,1,5,1,11,1,1
78692773,1,352,7,369.44478009257,3,10,1,6,2,999,4,1,2,2,1,17,1,1
78724340,2,328,4,329.532233796315,5,12,2,58,1,999,999,3,2,4,1,2,1,1
78733428,2,340,2,350.648680555518,5,15,2,53,2,999,999,3,999,999,1,5,1,1
78745890,1,320,3,355.670729166712,3,16,2,48,2,1,1,998,2,2,2,9,1,1
78754706,1,206,1,259.732488425914,5,17,1,19,2,1,1,2,1,3,1,9,1,1
78845538,1,317,7,354.694791666698,2,16,1,53,2,2,5,2,2,6,1,13,1,1
78886714,2,323,6,323.74690972222,6,17,2,33,2,1,1,3,1,7,1,7,1,1
78917226,2,10,1,27.7008217592957,4,16,1,21,1,999,999,3,999,999,1,13,1,1
79073292,1,352,7,369.488912036992,3,11,1,9,2,1,4,1,2,998,1,10,1,1
79105910,2,339,1,339.949016203755,1,22,2,58,1,999,999,3,1,4,2,6,1,2
79151233,1,336,5,368.505578703713,2,12,1,60,2,999,5,2,2,4,997,18,1,1
79300630,2,115,1,135.053796296241,7,1,1,41,1,1,1,3,999,999,1,6,1,1
79325993,2,351,6,355.33613425924,3,8,2,23,2,1,1,3,1,4,1,13,1,1
79384042,1,24,1,83.6731134259608,4,16,1,64,1,2,5,3,999,7,1,14,1,1
79490344,1,373,7,391.481203703675,4,11,1,6,1,999,4,1,2,6,1,6,1,1
79510513,2,59,1,59.0874537037453,1,2,2,18,2,1,1,3,999,999,1,7,1,1
79524265,2,374,1,372.745879629627,6,17,2,28,1,1,1,3,1,4,1,15,1,1
79557575,1,216,4,260.527326388867,6,12,1,63,2,2,1,2,1,2,1,13,1,1
79572942,1,336,5,364.53560185188,5,12,1,53,2,2,1,2,1,3,1,15,1,1
79586105,2,356,4,357.91552083334,5,21,2,53,1,1,1,3,2,11,1,13,1,1
79586148,2,344,6,344.510520833312,6,12,2,13,2,1,4,2,2,7,1,10,1,1
79679001,2,328,4,343.591562499991,5,14,2,53,1,1,2,3,1,9,1,2,1,1
79726647,1,216,4,265.464988425956,4,11,1,70,2,999,5,2,2,7,1,14,1,1
79740749,1,28,5,29.796851851861,6,19,2,38,2,1,3,3,1,4,2,13,1,1
79834335,2,316,6,319.798182870378,2,19,2,58,2,999,999,3,2,8,1,5,1,1
79884110,1,336,5,348.506041666726,3,12,1,75,1,1,6,2,2,6,1,17,1,1
80014822,2,84,5,82.7000925926259,3,16,1,33,1,1,1,3,1,7,2,15,1,1
80052567,2,86,7,90.7543287037406,4,18,1,18,2,999,999,2,2,10,1,2,1,1
80070306,2,328,4,328.905925925937,4,21,2,23,1,1,1,3,1,5,1,7,1,1
80080199,1,216,4,264.73616898153,3,17,1,56,2,999,5,3,2,6,1,5,1,1
80281187,2,356,4,356.872500000056,4,20,2,18,2,2,1,3,1,3,2,17,1,1
80300976,2,332,1,340.959884259268,2,23,2,53,1,1,1,3,999,999,1,14,1,1
80433299,2,84,5,85.4476504629711,6,10,2,13,2,999,999,2,999,999,1,10,1,1
80565373,2,28,5,28.4300231481902,5,10,1,20,1,1,4,3,999,999,2,9,1,1
80581246,1,334,3,368.486157407402,2,11,2,63,1,1,1,1,1,4,1,14,1,1
80595998,1,333,2,364.508726851898,5,12,1,56,1,2,1,2,1,3,2,6,1,999
80649207,2,379,6,379.748634259216,6,17,2,3,1,999,999,1,999,999,1,3,1,1
80651740,2,115,1,115.01582175924,1,0,1,53,2,999,999,2,2,8,1,9,1,1
80684232,2,18,2,15.8864930556156,6,21,2,18,1,1,1,2,1,4,1,18,1,1
80692557,2,115,1,116.390173611115,2,9,2,48,2,1,1,3,999,999,1,5,1,1
80797993,1,317,7,354.71692129632,2,17,1,74,2,999,6,3,1,1,2,6,1,1
81021136,2,351,6,348.723229166702,3,17,2,23,2,1,1,2,1,3,1,11,1,1
81170956,2,31,1,30.5305208333302,7,12,1,56,1,1,6,3,1,3,1,6,1,1
81188111,2,179,2,181.510231481516,4,12,2,33,2,1,1,3,1,7,1,1,1,1
81318554,2,314,4,314.666909722262,4,16,2,3,1,999,999,999,2,8,1,2,1,1
81336290,1,320,3,337.711481481441,6,17,1,35,1,1,1,3,1,9,1,16,1,1
81491276,1,99,6,112.473171296297,5,11,1,10,2,999,4,1,2,3,1,10,1,1
81669050,2,346,1,346.799467592617,1,19,1,55,1,1,1,3,1,6,1,2,1,1
81832556,2,366,7,364.44222222222,5,10,2,13,2,999,999,1,2,9,1,16,1,1
81947762,2,379,6,379.903842592612,6,21,1,10,1,1,4,1,1,1,1,11,1,1
81972597,2,28,5,29.4490393518936,6,10,1,58,1,1,1,2,1,5,1,11,1,1
82027979,1,336,5,368.678414351889,2,16,1,73,1,999,6,2,2,2,2,6,1,1
82155858,2,331,7,332.791307870415,1,18,2,18,2,1,1,2,1,2,1,3,1,1
82315826,2,141,6,142.418368055602,7,10,2,28,2,1,1,2,999,999,1,2,1,1
82344245,1,317,7,337.500312500051,6,12,1,63,1,999,6,2,1,2,1,3,1,1
82383061,1,336,5,368.524837962934,2,12,1,7,2,1,4,1,2,8,1,2,1,1
82405334,2,356,4,356.692372685182,4,16,2,28,2,1,1,3,1,5,1,14,1,1
82408233,2,255,1,268.376331018517,7,9,2,43,1,1,1,3,1,8,1,1,1,1
82618644,1,25,2,28.7301273148041,5,17,1,66,2,999,6,3,1,6,1,17,1,1
82623057,2,27,4,40.9208449074067,3,22,2,58,2,999,999,3,999,999,1,7,1,1
82846363,1,352,7,370.631574074039,4,15,1,2,1,999,999,999,2,6,1,17,999,1
82888904,2,340,2,340.609479166684,2,14,2,33,2,1,1,3,999,999,1,999,1,1
82972110,1,355,3,370.603252314846,4,14,1,10,1,1,4,1,2,6,1,13,1,1
82976814,2,42,5,41.4769907407463,4,11,2,28,2,1,1,3,1,5,1,13,1,1
83079913,2,210,5,210.97274305555,5,23,2,48,2,1,1,3,2,10,1,1,1,1
83473702,2,351,6,351.551574074081,6,13,1,3,1,999,1,1,999,4,1,7,1,1
83498309,2,318,1,320.947037036996,3,22,1,49,1,1,1,2,1,4,1,16,1,1
83550791,1,98,5,105.77436342591,5,18,1,75,2,999,6,3,1,6,1,1,1,1
83650268,1,333,2,368.513437499991,2,12,2,48,2,1,1,3,999,999,1,2,1,1
83732108,2,377,4,384.977199074114,4,23,2,8,1,1,4,1,2,4,1,15,1,1
83766141,1,32,2,83.4258101851447,4,10,1,66,1,999,6,2,1,6,1,7,1,1
83914388,2,141,6,138.763668981497,3,18,1,29,1,1,1,2,1,3,1,6,1,1
83986437,1,352,7,369.45528935187,3,10,1,5,2,999,4,1,2,2,1,6,1,1
84240327,2,32,2,29.5745486110682,6,13,2,38,2,1,1,2,999,999,1,2,1,1
84252995,1,320,3,351.729409722262,6,17,1,68,1,999,6,3,1,4,1,2,1,1
84657836,2,356,4,355.386087963008,3,9,2,48,1,1,1,3,2,8,1,6,1,1
84696974,1,333,2,368.674548611161,2,16,1,55,1,999,3,2,1,2,2,12,1,999
84786896,1,206,1,271.503495370387,3,12,1,66,1,1,6,2,999,999,1,13,1,1
84835192,1,35,5,83.6269675926305,4,15,1,58,1,1,1,2,999,999,1,16,1,1
84836384,2,353,1,354.383819444454,2,9,2,23,2,1,1,3,1,4,1,18,1,1
84930880,2,323,6,323.545763888862,6,13,2,43,1,1,1,3,999,999,1,12,1,1
85006266,1,29,6,36.7636574073695,6,18,1,47,1,1,1,2,999,4,1,15,1,1
85062676,2,323,6,325.988275462994,1,23,2,48,2,2,3,3,1,5,1,6,1,1
85219503,2,339,1,336.763680555508,5,18,2,3,2,999,999,1,999,999,1,2,1,1
85231372,1,24,1,36.7457060185261,6,17,1,81,2,999,5,1,1,1,2,2,1,1
85232112,2,314,4,314.765694444417,4,18,2,38,2,999,999,3,999,999,1,999,1,1
85270245,2,323,6,321.594421296264,4,14,1,30,2,999,999,3,2,8,997,13,1,1
85274949,1,334,3,407.622187500005,6,14,1,61,2,2,1,2,1,2,2,8,1,1
85278749,2,28,5,29.9936689814786,6,23,1,52,2,999,999,2,2,11,1,14,1,1
85315463,1,32,2,83.6618055555737,4,15,1,42,2,2,1,2,1,1,2,12,1,1
85414106,2,318,1,315.620405092603,5,14,2,38,2,1,1,3,1,9,1,5,1,1
85430619,2,314,4,312.785312499967,2,18,1,1,1,999,999,1,1,1,1,13,1,1
85581222,2,86,7,86.3296643518843,7,7,1,37,2,1,2,3,1,8,1,5,1,1
85601735,1,101,1,105.786944444408,5,18,1,60,1,999,6,3,1,1,1,5,1,1
85660649,1,320,3,355.507395833381,3,12,1,86,1,999,6,2,1,1,1,3,1,1
85662841,2,351,6,355.444722222164,3,10,1,34,1,1,1,3,999,999,1,13,1,1
85756290,2,366,7,366.938981481479,7,22,2,8,1,1,4,1,999,999,1,2,1,1
85945794,2,387,7,427.704108796315,5,16,2,13,2,999,999,2,999,999,1,16,1,1
86072707,2,10,1,13.9763888888992,4,23,2,33,2,1,1,2,1,4,1,6,1,1
86293261,2,340,2,338.282835648162,7,6,1,2,1,1,4,1,999,10,2,1,1,1
86544485,2,323,6,321.909837962943,4,21,2,23,2,1,1,3,1,8,1,18,1,1
86572350,1,392,5,400.548518518568,6,13,1,4,2,999,4,1,2,1,1,18,1,1
86750143,1,349,4,368.708657407435,2,17,1,2,2,999,999,999,2,5,2,17,1,1
86809017,2,351,6,351.956145833363,6,22,1,19,1,999,999,3,999,999,2,18,1,1
87001881,1,102,2,110.508865740732,3,12,1,61,2,999,5,2,999,999,1,2,1,1
87088262,2,18,2,19.4834027778124,3,11,1,30,2,1,1,3,1,4,1,3,1,1
87169149,2,379,6,386.161770833307,6,3,2,8,2,999,3,1,999,999,1,13,1,1
87185536,2,370,4,375.590358796297,2,14,2,33,2,2,3,3,2,4,1,2,1,1
87190434,2,379,6,379.760162036982,6,18,1,2,2,999,999,1,999,999,1,10,1,1
87196929,2,392,5,391.589039351908,4,14,1,30,1,1,1,3,1,5,1,15,1,1
87330549,1,336,5,348.488379629678,3,11,1,43,1,1,1,2,1,3,2,18,1,1
87331254,2,331,7,331.520208333386,7,12,1,61,2,999,999,1,2,7,1,5,1,1
87452223,1,355,3,371.447384259314,5,10,1,25,1,1,4,3,999,999,1,1,1,1
87490160,1,333,2,354.619560185238,2,14,1,52,1,1,1,2,2,4,2,16,1,2
87588690,2,213,1,211.889074074104,6,21,2,13,2,999,999,2,999,999,1,9,1,1
87722788,2,357,5,370.386550925905,4,9,2,33,2,1,1,3,999,999,1,999,1,1
87746186,2,375,2,370.751666666707,4,18,2,3,1,999,999,999,999,999,1,9,1,1
87898918,1,145,3,259.52888888889,5,12,1,64,2,999,6,2,2,998,2,8,1,1
87909822,2,339,1,339.858194444445,1,20,1,58,1,1,1,3,1,9,1,2,1,1
87917134,2,334,3,335.679143518559,4,16,2,53,2,2,1,2,2,2,1,14,1,1
88005481,1,333,2,354.598900462966,2,14,1,47,2,999,5,2,2,4,2,16,1,1
88108809,2,353,1,356.867870370392,4,20,1,18,2,999,999,2,999,999,1,12,1,1
88128462,1,373,7,406.7487384259,5,17,1,12,1,999,4,1,999,998,1,17,1,1
88138203,1,5,3,15.548495370429,6,13,1,25,1,2,3,2,1,3,1,12,1,1
88157888,2,366,7,366.766006944468,7,18,2,33,1,1,2,3,2,10,1,15,1,1
88255952,2,356,4,357.668703703675,5,16,1,52,1,1,1,3,1,8,1,5,1,1
88320215,2,352,7,355.768206018489,3,18,2,28,1,1,1,3,1,7,1,10,1,1
88325559,2,43,6,42.7438425925793,5,17,2,43,2,999,999,3,999,999,1,3,1,1
88326854,1,32,2,91.5666435185121,5,13,1,26,1,1,1,3,1,3,1,15,1,1
88405608,1,21,5,28.7177777778124,5,17,1,23,2,999,4,2,2,5,2,11,1,1
88413265,2,111,4,112.284733796259,5,6,1,24,1,1,1,3,1,4,1,13,1,1
88449256,2,314,4,313.45728009264,3,10,2,43,2,999,999,3,999,999,1,998,1,1
88500643,2,314,4,315.483379629673,5,11,2,33,2,1,5,3,1,3,1,5,1,1
88542764,2,141,6,141.821099537076,6,19,2,48,2,1,1,3,2,9,1,16,1,1
88564173,2,340,2,340.925381944398,2,22,1,20,1,1,4,3,2,7,1,18,1,1
88570943,1,23,7,28.7911805555923,5,18,1,65,2,1,6,2,999,998,1,2,1,1
88602520,2,365,6,370.681238425896,4,16,2,33,2,1,3,3,2,7,1,17,1,1
88683659,2,141,6,147.651226851856,5,15,2,38,1,1,1,3,999,999,2,13,1,1
88700905,1,349,4,348.730127314804,3,17,1,46,2,1,5,1,999,999,2,10,1,1
88729992,1,334,3,354.506805555546,2,12,1,73,1,999,999,2,2,3,2,6,1,1
88869875,1,320,3,337.740520833293,6,17,1,74,2,1,5,3,2,3,2,2,1,1
88871210,2,23,7,23.9945370369824,7,23,2,48,2,1,1,2,2,3,1,9,1,1
88995932,2,366,7,366.900509259314,7,21,2,3,2,1,4,1,1,1,1,3,1,1
89070958,2,375,2,376.350578703685,3,8,2,38,1,1,1,3,2,11,1,16,1,1
89181039,2,311,1,308.701516203699,5,16,2,18,2,999,999,2,2,4,1,17,1,1
89202614,1,113,6,118.775868055527,4,18,1,63,2,999,6,1,999,999,2,12,1,1
89300315,2,346,1,343.614803240751,5,14,2,28,2,1,1,3,1,4,2,1,1,1
89306456,1,86,7,105.733657407458,5,17,1,0,1,999,999,1,2,9,1,11,1,1
89542296,2,413,5,413.934155092575,5,22,1,42,1,2,3,3,999,999,2,12,1,1
89609207,2,174,4,175.972997685196,5,23,2,38,2,999,999,2,999,999,1,2,1,1
89781724,1,392,5,410.68550925923,2,16,1,16,2,1,4,2,2,998,2,9,1,1
89788386,1,113,6,118.454143518466,4,10,1,49,2,2,999,2,1,1,2,1,999,1
89881612,1,23,7,25.5401620370103,2,12,1,85,2,1,5,1,1,1,2,9,1,1
89989315,1,333,2,354.516932870378,2,12,1,65,1,999,6,3,2,6,1,4,1,1
90000869,2,209,4,208.392962962971,3,9,2,8,2,999,999,1,2,7,1,6,1,1
90218127,1,373,7,390.699085648172,3,16,1,39,1,999,3,2,2,10,1,18,1,1
90291648,2,318,1,320.509722222225,3,12,2,43,2,1,1,3,1,6,1,6,1,1
90311026,1,113,6,118.467245370382,4,11,1,60,2,1,1,2,1,2,2,9,1,1
90340922,1,81,2,91.7056134259328,5,16,2,63,1,999,6,1,2,3,1,3,1,1
90415556,2,14,5,20.5457986111287,4,13,1,9,2,1,4,1,2,11,997,18,1,2
90496219,2,375,2,375.842997685191,2,20,1,31,1,1,1,3,1,5,1,18,1,1
90532298,2,366,7,368.963842592551,2,23,2,8,1,999,999,1,999,999,1,16,1,1
90607637,2,366,7,364.99019675923,5,23,2,3,1,1,4,1,1,1,1,5,1,1
90667744,2,389,2,388.907395833288,1,21,2,13,2,1,4,2,1,1,1,3,1,1
90670934,2,379,6,379.964490740793,6,23,2,38,2,1,1,3,1,8,1,13,1,1
90714870,2,178,1,179.926238425891,2,22,2,33,2,1,1,3,2,5,2,13,1,1
90754638,1,35,5,113.542650462943,6,13,1,75,1,1,3,3,1,1,2,5,1,1
90787499,1,336,5,348.567777777789,3,13,1,78,1,1,6,3,2,8,2,5,1,1
91113229,2,29,6,29.8325115740299,6,19,2,33,1,1,1,3,1,7,1,2,1,1
91196872,2,352,7,355.903240740765,3,21,2,33,1,1,1,3,1,8,1,13,1,1
91211292,2,346,1,343.82649305556,5,19,2,23,1,1,1,3,1,8,1,5,1,1
91265091,1,333,2,355.545092592598,3,13,1,68,1,999,6,2,2,998,2,11,1,1
91284267,2,339,1,339.975185185205,1,23,1,20,2,2,4,2,999,999,1,16,1,1
91464655,2,351,6,351.549849537085,6,13,2,3,1,999,999,999,1,1,1,3,1,1
91549678,2,30,7,30.6476620370522,7,15,1,0,1,999,999,999,2,9,1,13,1,1
91575539,1,359,7,369.70023148146,3,16,1,13,1,999,4,1,2,998,1,6,1,1
91702300,2,350,5,349.908923611161,4,21,1,29,1,1,1,3,1,6,1,13,1,1
91856194,1,333,2,348.623449074104,3,14,1,45,2,1,1,2,1,2,2,7,1,1
91964417,1,359,7,393.6484375,6,15,1,0,1,999,999,999,2,8,1,3,1,1
92079058,1,392,5,400.697951388895,6,16,1,11,1,1,4,1,2,998,1,17,1,1
92112639,2,29,6,29.8921527777566,6,21,1,22,1,1,4,3,1,1,1,15,1,1
92139480,2,370,4,370.985462962999,4,23,2,3,2,999,999,1,999,999,1,14,1,1
92159577,2,30,7,31.7942939815111,1,19,2,18,2,1,4,3,1,1,1,14,1,1
92407597,2,11,2,22.7264351851773,6,17,2,13,2,999,999,2,999,999,1,3,1,1
92507447,1,29,6,32.6567708333023,2,15,2,48,2,999,999,2,2,998,1,15,1,1
92517207,1,373,7,390.643159722211,3,15,1,33,1,1,1,2,1,4,2,3,1,2
92574679,1,29,6,83.788020833279,4,18,1,52,1,999,1,998,2,3,2,18,1,1
92606367,1,145,3,166.704178240732,3,16,1,67,2,2,6,1,1,1,1,15,1,1
92618191,1,320,3,355.687997685163,3,16,1,61,1,999,6,1,2,4,2,9,1,1
92644180,2,86,7,92.5715277778218,6,13,2,18,2,2,4,3,1,1,1,2,1,1
92719295,2,331,7,334.908101851819,3,21,1,7,1,1,4,1,2,11,1,17,1,1
92769599,2,353,1,350.879062499967,5,21,2,3,1,999,999,1,2,9,1,3,1,1
92885307,1,25,2,29.787905092584,6,18,1,20,1,2,4,3,1,1,1,2,1,1
92900359,2,86,7,86.7948842592305,7,19,2,43,1,1,1,2,2,8,1,15,1,1
92903080,2,389,2,389.884259259212,2,21,2,13,2,1,4,1,2,8,1,17,1,1
92990664,1,379,6,393.651990740793,6,15,1,7,1,999,4,1,999,999,1,2,1,1
93113235,2,356,4,360.594502314809,1,14,2,13,1,1,4,1,999,999,1,13,1,1
93127690,2,314,4,314.37084490736,4,8,1,32,2,1,1,3,1,4,1,7,1,1
93188586,2,42,5,44.9374884258723,7,22,1,48,1,1,1,3,1,8,1,6,1,1
93242677,2,366,7,366.785891203675,7,18,2,13,2,999,999,2,1,1,1,5,1,1
93403811,2,18,2,25.6246296296595,2,14,1,19,2,1,4,3,2,9,1,17,1,1
93580543,2,320,3,337.433587962994,6,10,1,69,2,999,999,1,999,999,2,2,1,1
93592898,2,356,4,362.691469907411,3,16,2,48,1,1,1,2,2,5,1,17,1,1
93724430,1,373,7,393.680196759291,6,16,1,4,2,999,999,1,2,3,1,6,1,2
93749739,1,29,6,36.750648148125,6,18,1,48,2,1,5,2,1,1,1,12,1,1
93799182,2,353,1,362.770115740714,3,18,1,18,1,1,1,2,1,3,1,2,1,1
93849161,2,357,5,358.762708333321,6,18,2,48,1,1,1,3,1,9,1,14,1,1
93861947,1,46,2,91.657337962999,5,15,2,58,2,1,5,999,2,998,2,17,1,1
93903925,1,320,3,351.546226851875,6,13,1,54,2,999,999,2,2,998,1,15,1,1
93908272,2,328,4,327.520636574132,3,12,1,48,2,1,2,2,999,999,1,12,1,1
93916891,1,320,3,410.736423611059,2,17,2,48,1,1,1,2,1,4,1,10,1,999
93931754,2,346,1,343.540625000023,5,12,2,38,1,1,3,3,2,11,1,5,1,1
93954677,1,145,3,259.497256944422,5,11,1,71,2,999,6,2,999,5,2,2,1,999
94169942,2,100,7,99.592083333293,6,14,1,54,1,1,3,2,2,7,1,6,1,1
94219601,2,346,1,343.616921296343,5,14,2,53,1,1,6,2,999,999,1,13,1,1
94349633,2,374,1,372.901423611096,6,21,2,28,1,1,1,2,1,3,1,9,1,1
94444357,2,204,6,202.818298611091,4,19,1,10,1,999,999,1,999,999,1,1,1,1
94649167,2,105,5,114.90006944444,7,21,2,33,2,1,5,3,2,7,1,1,1,1
94899027,1,28,5,32.6395023148507,2,15,2,63,1,1,6,1,2,1,2,1,1,1
94917207,2,323,6,326.459976851824,2,11,1,23,1,1,4,3,2,7,1,13,1,1
95067460,2,379,6,379.942164351814,6,22,2,13,2,999,999,1,999,999,1,6,1,1
95096411,2,316,6,313.655289351824,3,15,2,8,1,1,4,1,999,999,1,1,1,1
95096829,1,373,7,400.750358796329,6,18,1,4,2,999,4,999,2,4,1,1,1,1
95195460,1,234,1,265.49072916666,4,11,1,78,1,999,6,3,1,7,1,5,1,1
95291836,2,209,4,210.990659722243,5,23,2,53,2,999,999,1,999,999,1,3,1,1
95329905,1,392,5,400.642199074035,6,15,1,4,2,1,4,1,1,1,1,2,1,1
95443572,2,23,7,25.0534027777612,2,1,1,41,2,999,999,3,2,8,2,6,1,2
95499173,2,334,3,331.497048611054,7,11,2,18,2,2,4,3,1,1,1,12,1,1
95569056,2,27,4,28.5028472222621,5,12,1,19,2,999,999,3,2,8,2,8,1,1
95576448,2,352,7,353.598587962915,1,14,1,66,2,2,3,2,1,1,2,7,1,1
95587383,1,349,4,355.634375000023,3,15,1,58,2,999,5,2,999,998,2,2,1,1
95759794,2,351,6,348.744108796353,3,17,1,18,1,2,4,2,999,999,1,12,1,1
95819081,2,344,6,344.915972222225,6,21,2,28,2,1,1,3,2,10,1,16,1,1
95953133,2,22,6,22.4263888888527,6,10,2,18,2,1,1,3,1,4,1,12,1,1
96129125,1,60,2,83.7598495370476,4,18,1,82,2,1,5,1,1,999,2,16,1,1
96188068,1,23,7,28.7646064815344,5,18,1,20,2,1,1,2,1,2,2,6,1,1
96308877,1,352,7,370.599872685154,4,14,1,63,1,999,6,2,1,1,2,14,1,1
96317123,2,366,7,363.959780092584,4,23,1,10,2,999,999,1,2,9,1,10,1,1
96350681,1,25,2,29.7293171295896,6,17,1,62,2,999,5,3,999,999,997,4,1,1
96442770,1,25,2,29.7810069444822,6,18,1,58,1,2,1,2,2,4,997,13,1,1
96471446,2,374,1,375.885034722276,2,21,2,28,1,1,1,3,2,9,1,15,1,1
96472017,2,314,4,314.815243055578,4,19,2,13,1,1,4,3,2,4,1,2,1,1
96476939,2,27,4,30.4062384258723,7,9,2,43,2,1,1,2,1,2,1,14,1,1
96492298,2,365,6,366.883553240681,7,21,2,33,1,999,999,3,999,999,1,11,1,1
96732089,2,370,4,372.477650462999,6,11,1,48,1,1,1,2,1,4,1,11,1,1
96783978,2,32,2,33.3558101851959,3,8,2,18,2,1,1,3,999,999,1,999,1,1
96990501,2,84,5,85.4637268518563,6,11,1,53,1,2,3,3,2,6,1,15,1,1
97137749,2,427,5,427.867349537089,5,20,1,15,1,999,999,2,999,999,2,8,1,1
97343767,2,111,4,113.481273148092,6,11,2,43,2,2,1,3,2,6,1,2,1,1
97353068,1,71,6,83.7228587962454,4,17,1,13,1,999,4,2,2,998,1,6,1,1
97456570,1,333,2,368.644004629576,2,15,2,38,2,1,1,3,2,6,2,13,1,1
97513453,2,231,5,233.977777777822,7,23,1,55,2,2,6,2,1,1,1,2,1,1
97632983,1,4,2,15.5288310184842,6,12,1,65,1,999,6,2,999,999,1,12,1,1
97690987,2,334,3,331.888090277789,7,21,1,46,1,1,1,3,999,999,1,14,1,1
97736287,2,332,1,328.911388888839,4,21,2,38,2,2,1,2,999,999,1,16,1,1
97782776,1,129,1,259.595451388857,5,14,2,48,2,2,5,2,1,1,1,6,1,1
98058870,2,352,7,356.419340277789,4,10,2,53,1,999,999,2,1,4,1,8,1,1
98088766,2,115,1,113.543564814841,6,13,2,18,2,1,1,3,999,999,1,13,1,1
98126978,2,30,7,31.1626504629385,1,3,2,33,1,1,1,3,1,8,1,3,1,1
98287770,1,15,6,15.5163888889365,6,12,1,28,2,1,1,2,1,4,1,2,1,1
98316982,2,392,5,390.909189814818,3,21,1,2,2,999,999,1,2,10,1,5,1,1
98325760,2,334,3,336.591273148195,5,14,1,23,2,1,1,3,1,4,2,2,1,1
98326524,1,334,3,348.577129629673,3,13,2,38,2,1,1,2,1,4,1,18,1,1
98429940,2,23,7,23.7853703703731,7,18,1,27,1,1,1,3,1,4,1,12,1,1
98519464,2,328,4,328.730891203741,4,17,2,28,2,1,1,3,999,999,1,13,1,1
98546700,2,115,1,113.758634259226,6,18,2,48,1,999,999,2,999,999,1,13,1,1
98611393,1,320,3,354.711712962948,2,17,1,57,1,1,3,2,1,3,1,1,1,1
98903367,1,355,3,370.509861111059,4,12,2,8,1,999,999,1,999,999,1,13,1,1
98976964,1,352,7,370.653414351866,4,15,1,28,2,1,1,3,999,999,1,14,1,1
99115647,2,339,1,342.648298611166,4,15,1,6,2,1,4,1,999,999,1,17,1,1
99116042,1,320,3,355.68440972222,3,16,1,58,2,1,1,2,1,5,1,14,1,1
99127219,2,366,7,424.463981481502,2,11,2,8,2,1,4,1,999,999,1,15,1,1
99155650,1,333,2,354.502453703666,2,12,1,44,2,2,1,2,1,1,2,18,1,1
99394518,1,352,7,370.70891203708,4,17,1,8,2,999,4,1,999,999,2,12,1,2
99426284,2,219,7,219.995636574109,7,23,1,16,2,999,1,2,999,9,1,16,1,1
99454600,2,169,6,167.96619212965,4,23,2,13,2,1,4,2,999,999,1,9,1,1
99507885,2,392,5,390.995046296273,3,23,1,5,1,999,999,1,2,9,1,6,1,1
99569871,2,79,7,77.7492939814692,5,17,2,13,2,999,999,2,999,999,1,18,1,1
99638299,1,336,5,348.454317129683,3,10,1,52,2,1,5,2,1,1,1,2,1,1
99819582,1,352,7,370.465150462929,4,11,1,3,1,999,4,1,2,2,1,9,1,1
99832513,2,331,7,329.670486111077,5,16,2,13,2,1,4,2,999,999,1,14,1,1
99898669,2,36,6,37.0621064815205,7,1,1,20,2,1,4,2,1,1,1,12,1,1
