participant_code,mode_survey,time_first_access,time_last_update,duration_survey_hrs
88138203,1,735980.540960648,735980.54849537,0.180833335965872
88326854,1,736056.556666667,736056.566643519,0.23944444488734
52514473,2,735998.640752315,735998.653425926,0.304166665300727
13310788,2,735968.582997685,735992.814641204,581.559444445185
97632983,1,735980.523020833,735980.528831018,0.139444442465901
46464610,2,735990.481944444,735990.485787037,0.0922222221270204
65878115,1,735983.657731481,735983.67181713,0.338055554777384
66751965,2,735996.697094907,736084.468356482,2106.51027777884
11841028,1,735986.738680556,735986.766458333,0.666666666045785
30022876,2,735991.681701389,735991.686087963,0.10527777671814
23869239,2,735990.46494213,735990.530486111,1.57305555325001
64996187,2,735994.519664352,735994.523784722,0.0988888889551163
86072707,2,735978.968344907,735978.976388889,0.193055556155741
54550414,2,735972.907615741,735976.001331019,74.2491666655988
78485378,1,735993.746678241,735993.753298611,0.158888890407979
78917226,2,735974.425416667,735992.700821759,438.609722223133
55257573,1,735980.4959375,735980.501273148,0.128055553883314
92407597,2,735987.715625,735987.726435185,0.259444445371628
90415556,2,735985.54087963,735985.545798611,0.118055555038154
17892155,2,735976.424421296,736006.430023148,720.13444444444
98287770,1,735980.502986111,735980.516388889,0.3216666681692
20162067,2,735979.913425926,735979.941990741,0.685555555857718
31080111,2,735982.989594907,735983.008078704,0.443611110560596
78251014,2,735992.586099537,735992.596550926,0.25083333067596
32301026,2,735983.973564815,735983.992743056,0.46027777902782
67890127,1,735990.716469907,735990.730578704,0.338611110113561
62310371,2,735990.496296296,735990.502962963,0.160000001080334
93403811,2,735990.618449074,735990.62462963,0.148333333432674
80684232,2,735980.874155093,735980.886493056,0.296111111529171
39273981,1,735985.532974537,735985.539918981,0.16666666790843
87088262,2,735984.400752315,735984.483402778,1.98361111152917
24760713,1,735990.530590278,735990.534652778,0.0975000020116568
82976814,2,736006.472094907,736006.476990741,0.117499999701977
88405608,1,735993.713229167,735993.717777778,0.109166666865349
62323231,2,735984.913125,735984.917048611,0.0941666672006249
25419195,2,735983.636041667,735985.0534375,34.0175000019372
45357188,1,735993.794976852,735993.799050926,0.0977777754887939
19094963,1,735993.731006944,735993.739849537,0.212222222238779
17257781,2,736006.666550926,736006.675509259,0.214999998919666
70253310,1,735990.6090625,735990.615104167,0.14500000141561
29415238,2,735986.865763889,735986.882303241,0.396944442763925
20602985,2,736047.759953704,736047.764444444,0.107777777127922
24577058,1,735993.755185185,735993.760011574,0.115833330899477
96188068,1,735993.761145833,735993.764606482,0.0830555576831102
89881612,1,735990.53568287,735990.540162037,0.107499998062849
51971408,2,735984.622766204,735984.632534722,0.234444444067776
42897756,2,735988.437048611,735988.458159722,0.506666667759418
51105699,2,735994.744039352,735994.773460648,0.706111111678183
72470897,2,736007.374652778,736007.380023148,0.128888888284564
88570943,1,735993.784444444,735993.791180556,0.161666667088866
18918326,2,735985.767395833,735986.340659722,13.7583333346993
62691603,2,735987.096898148,735987.119340278,0.538611109368503
44892039,2,735987.916145833,735987.926261574,0.242777776904404
27608939,1,735993.780185185,735993.783946759,0.0902777798473835
63426566,1,736048.648703704,736048.655578704,0.165000001899898
72397375,2,736006.491666667,736006.498275463,0.158611111342907
47681562,2,735984.699513889,735993.497002315,211.1397222206
23919020,2,735990.86869213,735998.58962963,185.302500000224
85231372,1,736001.742013889,736001.745706019,0.0886111110448837
93188586,2,736009.925520833,736009.937488426,0.287222220562398
36531565,2,736006.620150463,736006.646956019,0.643333333544433
67580946,1,735993.765335648,735993.769490741,0.0997222205623984
25169140,2,735990.608425926,735990.61787037,0.226666666567326
70087084,2,735986.50244213,735994.479710648,191.454444444738
48437164,2,736007.464027778,736007.4896875,0.615833334624767
28718993,2,735990.6284375,735990.636041667,0.182499999180436
46351919,2,735990.67150463,735990.686377315,0.356944444589317
64098064,2,735988.641666667,735988.649560185,0.189444442279637
40851437,2,735990.602731481,735997.712291667,170.629444445483
12026009,2,736007.674675926,736007.827002315,3.65583333559334
73985604,2,736008.465486111,736008.468368056,0.0691666658967733
33231904,2,735986.8046875,735986.81181713,0.171111110597849
46454142,2,735991.731956018,735991.746527778,0.349722222425044
37827890,1,735993.770509259,735993.779583333,0.217777775600553
30880905,2,735986.565439815,735986.881238426,7.5791666675359
34505588,2,735987.707974537,735987.719259259,0.270833333954215
57938188,2,735986.614305556,735988.458055556,44.25
35548946,1,735993.799502315,735993.803275463,0.0905555561184883
10739775,2,735986.508101852,735997.639826389,267.161388890818
77710158,2,735986.516527778,735989.058888889,61.0166666675359
79384042,1,736048.667685185,736048.673113426,0.130277778021991
41925018,2,735988.879351852,735988.88744213,0.194166666828096
95953133,2,735987.420902778,735987.426388889,0.131666664965451
41944507,1,735993.528541667,735993.542384259,0.332222222350538
60178680,2,736008.756342593,736008.766736111,0.2494444437325
53631408,2,735986.547106482,735993.50130787,166.900833332911
59824347,1,735997.726909722,735997.760104167,0.796666667796671
13019341,1,735993.740532407,735993.745590278,0.121388889849186
96350681,1,735994.725104167,735994.72931713,0.101111110299826
68362333,1,735994.797372685,735994.808298611,0.262222222052515
92885307,1,735994.781539352,735994.787905093,0.152777778916061
95443572,2,735990.031828704,735990.053402778,0.517777777276933
88871210,2,735988.567175926,735988.994537037,10.2566666649655
46523078,1,735994.730289352,735994.743449074,0.315833332948387
44598621,1,735994.715219907,735994.721944444,0.161388888023794
14066034,1,735993.593171296,735993.697696759,2.50861111097038
95569056,2,735988.494791667,735993.502847222,120.193333335221
96442770,1,735994.774502315,735994.781006944,0.156111110933125
32396588,2,735987.519039352,735989.475775463,46.9616666659713
54970399,2,735988.429976852,735988.441053241,0.265833335928619
39674114,2,735990.023032407,735990.035752315,0.305277778767049
98429940,2,735987.850972222,735988.78537037,22.4255555570126
39854810,1,736001.751273148,736001.75662037,0.128333332948387
32879731,1,735993.791701389,735993.794513889,0.0674999998882413
82618644,1,735993.718969907,735993.730127315,0.267777778208256
89609207,2,735992.866168982,736140.972997685,3554.56388888787
33403043,2,735993.983576389,735993.996076389,0.299999998882413
65326152,2,735991.742719907,735991.747743056,0.120555555447936
59199766,1,736001.764259259,736001.778321759,0.337500002235174
19963077,2,736017.714189815,736017.727962963,0.330555553548038
46089917,1,736048.639502315,736048.647476852,0.191388887353241
58163225,1,736001.787395833,736001.795231481,0.188055555336177
26937464,1,735997.702199074,735997.722337963,0.483333332464099
53035837,2,735993.841851852,735993.852476852,0.254999999888241
82623057,2,736005.904594907,736005.920844907,0.389999999664724
94899027,1,735997.622939815,735997.639502315,0.39750000089407
79740749,1,735994.788599537,735994.796851852,0.198055556975305
57555724,2,735995.511712963,735997.427581019,45.9808333329856
96476939,2,735994.870046296,735995.406238426,12.8686111103743
92507447,1,735997.641944444,735997.656770833,0.355833333916962
48451909,2,735992.742835648,736010.565439815,427.742500000633
37553666,2,735991.855150463,735991.877951389,0.547222224064171
85006266,1,736001.757488426,736001.763657407,0.148055554367602
66529683,2,735992.012650463,735992.01962963,0.16750000230968
72977412,1,736082.702997685,736082.710960648,0.191111111082137
37594009,2,736006.588912037,736006.599594907,0.256388886831701
24498627,2,735992.399259259,735992.411493056,0.29361111111939
21975579,1,736076.770324074,736076.772152778,0.0438888883218169
77748949,1,735997.694085648,735997.701400463,0.175555556081235
72769522,1,736047.791122685,736047.797118056,0.143888887949288
85278749,2,735994.972199074,735994.993668981,0.515277776867151
56189352,2,735995.006701389,735995.0146875,0.191666666418314
80565373,2,735993.426851852,735993.430023148,0.0761111117899418
92574679,1,736048.784652778,736048.788020833,0.0808333307504654
35591877,2,735993.949583333,735993.980011574,0.730277778580785
93749739,1,736001.746319444,736001.750648148,0.10388888977468
30325393,1,736047.784444444,736047.789895833,0.130833333358169
10358113,2,735995.477951389,735995.48431713,0.152777776122093
71246681,2,735993.047372685,735994.713194444,39.9797222223133
68593450,1,736071.723946759,736071.731689815,0.185833333991468
81972597,2,735992.642696759,735994.449039352,43.3522222219035
42922106,1,736048.674143519,736048.686469907,0.295833332464099
92112639,2,735994.590821759,735994.892152778,7.23194444272667
80651740,2,735994.001516204,736080.015821759,2064.34333333187
69657024,2,736007.451354167,736007.454814815,0.0830555548891425
42279695,1,736071.738298611,736071.743923611,0.134999999776483
91113229,2,735994.822569444,735994.832511574,0.23861111048609
70915663,1,736047.767361111,736047.774560185,0.172777776606381
40023972,1,736048.441342593,736048.443553241,0.0530555555596948
83766141,1,736048.422604167,736048.425810185,0.0769444433972239
35400897,2,736002.902037037,736002.918865741,0.403888888657093
15207770,1,736048.627986111,736048.631967593,0.0955555569380522
49995427,2,735991.742349537,735991.855335648,2.71166666597128
50519942,1,736048.601585648,736048.607488426,0.141666666604579
26742090,1,736001.779421296,736001.786782407,0.17666666675359
43269432,1,736047.775925926,736047.783287037,0.17666666675359
13851014,1,736048.427280093,736048.434270833,0.167777778580785
10532697,2,735996.553229167,735996.557719907,0.107777777127922
70658523,2,735997.094930556,735997.099594907,0.111944443546236
33755370,2,735994.895451389,735994.903472222,0.192500000819564
41001238,1,736083.730914352,736083.762777778,0.764722220599651
92159577,2,735996.789050926,735996.794293982,0.125833335332572
85315463,1,736048.657430556,736048.661805556,0.105000000447035
74085700,2,736008.957361111,736008.970578704,0.317222222685814
74182378,1,736048.611643519,736048.618078704,0.154444444924593
98126978,2,735996.149861111,735996.162650463,0.306944444775581
91549678,2,735995.642638889,735995.647662037,0.120555555447936
32951691,2,735995.889571759,735995.899178241,0.230555553920567
63397236,1,736048.472627315,736048.475104167,0.0594444433227181
55774986,1,736048.464375,736048.467280093,0.0697222240269184
56299382,1,736047.744398148,736047.756678241,0.294722221791744
61711545,2,735994.829363426,735994.858784722,0.706111108884215
32596110,1,736056.572256944,736056.574837963,0.0619444437325001
50042587,1,736048.445196759,736048.4528125,0.182777775451541
77355737,2,736008.473009259,736008.486539352,0.32472222391516
44029573,1,736048.60900463,736048.610960648,0.0469444440677762
62132019,1,736048.633101852,736048.63724537,0.0994444470852613
66856327,1,736048.663078704,736048.665601852,0.0605555567890406
14732388,1,736048.435729167,736048.439884259,0.0997222205623984
76250789,1,736048.468206019,736048.471157407,0.0708333319053054
23764485,2,735996.407777778,735996.419270833,0.275833334773779
57065386,2,735999.482974537,735999.493229167,0.246111111715436
81170956,2,735995.514583333,735995.530520833,0.382500001229346
59783280,2,735997.638854167,735998.375972222,17.6908333310857
84835192,1,736048.624618056,736048.626967593,0.0563888903707266
48245576,2,735994.595115741,736004.511747685,237.999166664667
43803510,1,736048.619166667,736048.622326389,0.0758333327248693
96783978,2,735998.344803241,735998.355810185,0.264166667126119
90754638,1,736078.540613426,736078.542650463,0.0488888891413808
16870246,2,735998.470810185,736080.8175,1976.32055555563
40025115,2,735995.991956018,735995.998391204,0.154444444924593
42379809,2,735997.874490741,735997.87900463,0.108333335258067
61780253,1,736048.454398148,736048.46275463,0.200555557385087
81188111,2,736010.871076389,736146.510231482,3255.33972222358
63271948,1,736048.594340278,736048.599513889,0.124166666530073
84240327,2,735994.567118056,735994.574548611,0.178333332762122
75802190,2,736009.431724537,736133.562789352,2979.14555555396
22148144,2,736000.623935185,736000.636597222,0.303888889029622
75974112,1,736048.776215278,736048.77806713,0.044444446451962
43878748,1,736056.660439815,736056.6671875,0.161944446153939
99898669,2,736000.976516204,736002.062106482,26.0541666671634
64093003,1,736048.78900463,736048.793287037,0.102777779102325
45244375,1,736048.779884259,736048.783263889,0.0811111126095057
34262441,2,736030.933599537,736030.939861111,0.150277778506279
60638652,2,736002.901168981,736002.923425926,0.534166666679084
52252915,2,736009.657395833,736009.664155093,0.162222222425044
88325559,2,736007.737858796,736007.743842593,0.143611111678183
93861947,1,736056.645219907,736056.657337963,0.290833334438503
79300630,2,736008.58162037,736100.053796296,2195.33222222049
65669222,2,736008.481597222,736008.48787037,0.150555554777384
50074653,1,736048.762418982,736048.768275463,0.140555555932224
96129125,1,736048.754791667,736048.759849537,0.121388889849186
69686269,2,736025.439039352,736025.515868056,1.84388888720423
51480006,2,736025.779537037,736025.789606481,0.241666666232049
77400450,2,736025.508391204,736025.512337963,0.0947222225368023
34840824,2,736022.679363426,736022.684259259,0.117499999701977
61277462,2,736048.739884259,736048.744305556,0.10611111111939
16030864,1,736048.770914352,736048.774490741,0.085833334363997
80692557,2,736063.515300926,736081.390173611,428.996944444254
42252204,2,736031.036145833,736031.040381944,0.101666665636003
79510513,2,736024.0815625,736024.087453704,0.141388890333474
44169606,1,736048.745243056,736048.752638889,0.17750000115484
36996736,1,736048.7346875,736048.738981482,0.10305555537343
44255633,2,736032.782372685,736032.793981481,0.278611111454666
29277603,1,736071.734641204,736071.737118056,0.0594444461166859
63322807,1,736048.72931713,736048.733425926,0.0986111126840115
35964366,1,736048.724363426,736048.727939815,0.0858333315700293
97353068,1,736048.717696759,736048.722858796,0.123888887465
65971613,2,736042.736296296,736042.754918981,0.44694444257766
67780617,1,736081.473263889,736081.479074074,0.139444445259869
90340922,1,736056.699803241,736056.705613426,0.139444445259869
47405812,2,736042.948599537,736045.49599537,61.1374999992549
21493813,1,736056.717314815,736056.719409722,0.050277778878808
25993392,2,736048.706597222,736048.7159375,0.224166666157544
39048243,1,736056.706643519,736056.715844907,0.22083333414048
99569871,2,736042.729502315,736042.749293981,0.474999999627471
11772427,2,736046.959768519,736061.534594907,349.795833332464
63008192,2,736059.427523148,736063.007662037,85.9233333338052
96990501,2,736047.797060185,736050.463726852,63.9999999990687
51570411,2,736048.43537037,736048.453206019,0.428055555559695
29061212,2,736050.391527778,736050.398356481,0.163888888433576
71179205,2,736048.756412037,736048.763206018,0.163055554032326
80433299,2,736050.040856482,736050.447650463,9.76305555459112
42281271,1,736056.752824074,736056.757719907,0.117499999701977
62675382,2,736048.456446759,736048.459837963,0.0813888888806105
15392694,1,736076.740300926,736076.767951389,0.663611110299826
41863876,2,736049.890891204,736049.944641204,1.2900000018999
80014822,2,736047.692986111,736047.700092593,0.170555555261672
70840470,1,736076.719444444,736076.738912037,0.46722222212702
32332436,2,736047.652199074,736047.656261574,0.0975000020116568
61743700,2,736047.670902778,736047.6890625,0.435833333060145
32308292,1,736056.721145833,736056.75099537,0.716388886794448
60944735,2,736047.726863426,736047.732210648,0.128333332948387
30242809,2,736049.749826389,736049.934652778,4.43583333212882
89306456,1,736070.723113426,736070.733657407,0.253055557608604
71525487,1,736090.53556713,736090.546226852,0.255833334289491
11006409,2,736050.478043981,736050.486712963,0.208055555820465
98088766,2,736064.609224537,736078.543564815,334.424166667275
75774827,2,736053.004108796,736053.016238426,0.291111113503575
10822794,1,736070.735787037,736070.739710648,0.0941666672006249
78658758,2,736050.669594907,736050.681087963,0.275833331979811
50895211,2,736060.651921296,736060.656064815,0.0994444442912936
13862807,2,736049.701099537,736049.704201389,0.074444442987442
83550791,1,736070.764872685,736070.774363426,0.22777777723968
24445376,1,736083.77693287,736083.783506944,0.157777776941657
15172510,2,736050.884756944,736050.888449074,0.0886111110448837
18343372,1,736224.534930556,736224.549780093,0.356388886459172
21070328,2,736050.552118056,736050.571956019,0.476111113093793
55349938,2,736050.990439815,736050.998645833,0.196944443508983
25593841,2,736053.008912037,736053.01474537,0.140000000596046
45580481,2,736049.766006944,736049.773773148,0.186388889327645
54263537,2,736050.00087963,736050.008090278,0.173055555671453
80052567,2,736055.745509259,736055.754328704,0.211666666902602
85581222,2,736051.322673611,736051.329664352,0.167777778580785
81491276,1,736077.469930556,736077.473171296,0.0777777777984738
78394560,1,736070.741469907,736070.743587963,0.0508333314210176
61487886,1,736070.749606482,736070.752789352,0.0763888880610466
29712625,1,736224.59599537,736224.600219907,0.10138888657093
56633857,1,736081.481342593,736081.485694444,0.10444444231689
65894683,2,736070.394606482,736070.398564815,0.0949999988079071
92900359,2,736051.786412037,736051.794884259,0.203333334065974
92644180,2,736057.542141204,736057.571527778,0.705277780070901
53976593,2,736063.38755787,736063.401365741,0.331388887949288
47327306,2,736051.627106481,736051.634791667,0.184444444254041
23007476,2,736049.69369213,736049.711527778,0.428055558353662
50513512,2,736050.546574074,736130.018553241,1907.32749999873
71412551,2,736049.910231482,736049.91625,0.144444443285465
36215849,1,736131.493935185,736131.624618056,3.13638888951391
44867745,2,736050.792615741,736050.799699074,0.169999999925494
28096802,2,736070.780740741,736070.792719907,0.287499999627471
53475379,1,736071.522986111,736071.525960648,0.0713888900354505
38409554,1,736077.474861111,736077.479050926,0.100555554963648
85601735,1,736070.782523148,736070.786944444,0.10611111111939
94649167,2,736079.87724537,736079.900069444,0.547777776606381
25281029,1,736075.512847222,736075.515972222,0.0749999983236194
14703807,2,736055.965868056,736081.7853125,619.666666665114
59741633,2,736056.01568287,736056.874548611,20.6127777770162
66044096,1,736070.759560185,736070.763865741,0.103333334438503
42793015,1,736070.78806713,736070.804756944,0.400555553846061
17429347,2,736056.772199074,736056.781134259,0.214444446377456
12464494,2,736055.488287037,736055.51255787,0.582500000484288
50738539,1,736083.435740741,736083.439259259,0.0844444446265697
52644438,2,736055.965428241,736131.891493056,1822.22555555496
27041623,1,736070.775,736070.781840278,0.164166667498648
12751877,1,736083.440451389,736083.444351852,0.0936111090704799
48264817,1,736070.753935185,736081.500231482,257.911111112684
98546700,2,736060.416898148,736078.758634259,440.201666666195
59460120,2,736055.567071759,736055.569270833,0.0527777764946222
62754155,2,736056.321990741,736059.917893518,86.3016666658223
68140325,2,736057.440613426,736057.443530093,0.0700000002980232
55327162,1,736071.492916667,736071.500081019,0.171944444999099
50883182,1,736070.744444444,736070.748194444,0.090000000782311
73855016,2,736056.906655093,736056.929664352,0.552222222089767
46978852,1,736071.518553241,736071.521886574,0.080000001937151
35715759,1,736081.488668981,736081.493680556,0.120277779176831
42706748,1,736071.416273148,736071.426574074,0.247222222387791
13884579,1,736089.536828704,736089.555821759,0.455833333544433
53811246,1,736084.592453704,736084.668310185,1.82055555470288
61536246,2,736055.897488426,736057.469247685,37.7222222210839
77319220,2,736056.551493056,736056.56162037,0.243055555969477
73959330,2,736070.982280093,736070.991805556,0.22861111164093
39045439,2,736056.375914352,736056.388703704,0.306944441981614
54470030,1,736090.529398148,736090.533564815,0.099999999627471
87001881,1,736075.499201389,736075.508865741,0.231944443657994
36326162,1,736075.517650463,736075.525462963,0.1875
54378468,2,736055.57099537,736055.575243056,0.101944444701076
47344771,2,736056.971840278,736056.980011574,0.196111111901701
49051874,2,736074.486458333,736074.499953704,0.32388888951391
69129801,1,736081.511979167,736081.522094907,0.242777776904404
94169942,2,736064.572395833,736064.592083333,0.472499999217689
11417589,2,736065.462418981,736065.49400463,0.758055556565523
11319336,1,736082.720173611,736083.434826389,17.1516666663811
88413265,2,736077.273958333,736077.284733796,0.258611110970378
89788386,1,736083.445972222,736083.454143518,0.196111109107733
61983185,2,736079.903287037,736079.922372685,0.458055554889143
97343767,2,736074.697939815,736078.481273148,90.7999999998137
12628960,1,736078.626203704,736078.632407407,0.148888888768852
90311026,1,736083.454953704,736083.46724537,0.295000000856817
89202614,1,736083.764652778,736083.775868056,0.269166665151715
26075094,1,736078.634259259,736078.641134259,0.165000001899898
90714870,2,736144.910162037,736144.926238426,0.38583333324641
12394988,1,736224.575960648,736224.582511574,0.15722222160548
71872234,1,736218.518888889,736218.527824074,0.214444443583488
97782776,1,736224.582986111,736224.595451389,0.299166667275131
16387639,2,736093.341574074,736175.665127315,1975.7652777778
15601792,2,736092.594131944,736092.598946759,0.115555554628372
73335815,1,736224.569340278,736224.573356482,0.0963888885453343
44169120,1,736224.552569444,736224.567881944,0.367500001564622
58408751,2,736092.680243056,736092.685416667,0.124166666530073
92606367,1,736131.696782407,736131.704178241,0.17750000115484
49924420,2,736143.802905093,736143.808032407,0.123055555857718
39360542,1,736138.428634259,736138.43787037,0.221666665747762
40362114,2,736113.631631944,736134.864814815,509.596388887614
93954677,1,736224.483703704,736224.497256944,0.325277776457369
58509536,2,736103.786261574,736103.791226852,0.119166665710509
59400976,2,736106.421342593,736106.434386574,0.3130555562675
82315826,2,736106.402384259,736107.418368056,24.3836111119017
40254546,1,736138.457488426,736138.472106481,0.350833333097398
23718206,2,736104.42025463,736104.425752315,0.131944446824491
87898918,1,736224.522569445,736224.528888889,0.151666665449739
99454600,2,736103.904143519,736132.96619213,697.489166666754
17004422,1,736138.439976852,736138.455601852,0.375
24024711,1,736224.456458333,736224.48087963,0.586111111566424
71985549,1,736131.705127315,736131.735613426,0.731666668318212
88683659,2,736112.633298611,736112.651226852,0.430277776904404
19470267,1,736131.677893518,736131.695497685,0.422500002197921
26015614,1,736217.445543982,736217.498252315,1.26500000059605
18520203,1,736131.736712963,736131.745451389,0.209722221828997
38905939,1,736138.497893519,736138.745173611,5.93472222145647
61418435,1,736224.529363426,736224.533923611,0.109444445930421
56303770,1,736218.529363426,736218.539409722,0.241111110895872
58577813,1,736224.503888889,736224.521261574,0.41694444604218
41829570,2,736103.771493056,736107.018217593,77.9213888905942
78096234,2,736144.926585648,736144.937893518,0.271388889290392
57300101,1,736138.473310185,736138.495289352,0.527500002644956
43844651,1,736218.540532407,736218.571076389,0.733055558055639
83914388,2,736103.727488426,736103.763668982,0.868333334103227
17890548,1,736224.498043982,736224.502696759,0.111666667275131
29664099,2,736104.687222222,736106.719571759,48.7763888882473
14558526,2,736106.672615741,736106.677986111,0.128888891078532
19369265,2,736145.508159722,736145.518761574,0.254444444552064
88542764,2,736106.812824074,736106.821099537,0.198611112311482
83079913,2,736147.446875,736175.972743056,684.62083333265
66883812,2,736145.956284722,736145.959016204,0.0655555548146367
44160407,2,736146.638587963,736146.643043982,0.106944445520639
99426284,2,736184.970381944,736184.995636574,0.606111112050712
36741410,2,736169.410069444,736169.415358796,0.126944443210959
12066136,2,736169.752939815,736169.757048611,0.0986111098900437
56268855,1,736224.616516204,736224.621608796,0.122222221456468
71790170,2,736164.798310185,736164.809050926,0.257777776569128
56725452,2,736169.557233796,736169.564733796,0.179999998770654
65888368,1,736224.622372685,736224.625266204,0.0694444421678782
27076603,1,736224.625798611,736224.761724537,3.26222222205251
78754706,1,736224.715405093,736224.732488426,0.410000000149012
21572472,2,736169.869027778,736169.882141204,0.314722222276032
70840745,2,736167.697476852,736170.481979167,66.8280555540696
13750943,1,736224.763229167,736224.771342593,0.194722222164273
84786896,1,736225.433460648,736236.50349537,265.680833333172
94444357,2,736167.8128125,736167.818298611,0.131666664965451
29184906,2,736174.979756944,736174.991215278,0.275000000372529
51688983,1,736225.438865741,736225.453634259,0.354444444179535
63866678,2,736173.577662037,736173.585601852,0.190555555745959
95291836,2,736175.97275463,736175.990659722,0.429722221568227
55816958,1,736225.454618056,736225.463599537,0.215555554255843
90000869,2,736173.385196759,736173.392962963,0.186388889327645
61051981,2,736182.68837963,736182.696666667,0.198888888582587
51267470,1,736225.492048611,736225.497974537,0.142222221940756
28653088,2,736204.64724537,736204.652974537,0.137500000186265
16420388,1,736225.52994213,736225.538344907,0.201666668057442
79557575,1,736225.51193287,736225.527326389,0.369444443844259
28028420,2,736175.754884259,736175.75849537,0.0866666659712791
69062339,1,736225.539826389,736225.554375,0.349166664294899
18723147,2,736201.709537037,736201.71900463,0.227222221903503
62637506,2,736175.814814815,736178.943425926,75.0866666659713
17521021,1,736229.707222222,736229.71505787,0.188055555336177
87588690,2,736176.868877315,736176.889074074,0.484722222201526
80080199,1,736229.716006944,736229.736168982,0.483888890594244
46626598,1,736229.737337963,736229.743576389,0.149722223170102
34711388,2,736180.635150463,736180.658888889,0.569722222164273
55787046,2,736178.869467593,736178.881990741,0.300555557012558
69373872,1,736229.745162037,736230.426018519,16.3405555542558
76281183,1,736230.427511574,736230.451064815,0.565277776680887
82408233,2,736233.356655093,736233.376331019,0.472222222946584
34177785,2,736230.451909722,736230.458101852,0.148611112497747
39635444,2,736186.907048611,736186.915092593,0.193055556155741
79726647,1,736230.458773148,736230.464988426,0.149166667833924
17003087,1,736230.465960648,736230.470173611,0.101111110299826
72078799,2,736182.724664352,736182.918761574,4.65833333227783
71960333,2,736186.736782407,736188.685208333,46.7622222220525
76052461,2,736184.992916667,736184.999525463,0.158611111342907
13167951,2,736188.708703704,736188.718055556,0.224444445222616
24809664,2,736203.475763889,736204.493252315,24.4197222227231
31489875,1,736230.470740741,736230.483912037,0.316111109219491
30040475,2,736203.953900463,736203.962418981,0.204444444738328
95195460,1,736230.485798611,736230.490729167,0.118333334103227
71542602,2,736196.982789352,736209.659502315,304.241111112759
49875021,2,736196.842268519,736196.84875,0.155555555596948
97513453,2,736196.942488426,736198.977777778,48.8469444466755
44463645,2,736202.963310185,736202.971122685,0.1875
78151694,1,736236.504293981,736236.521539352,0.413888890296221
13444125,2,736216.375439815,736216.834050926,11.0066666677594
42642039,1,736236.521979167,736236.525324074,0.0802777782082558
72708443,2,736218.472280093,736218.484189815,0.285833333618939
21228817,2,736243.695335648,736243.707071759,0.281666667200625
89181039,2,736273.698263889,736273.701516204,0.0780555540695786
70346530,2,736276.866446759,736276.886064815,0.470833333209157
75083808,1,736316.624930556,736316.660289352,0.848611109890044
16192203,1,736319.517060185,736319.523020833,0.143055556342006
51580764,2,736273.3196875,736273.326006944,0.151666665449739
72126980,1,736320.642731481,736320.66650463,0.570555556565523
31937300,2,736309.031851852,736309.04818287,0.391944444738328
35266739,2,736277.008263889,736277.016180556,0.190000000409782
19633207,1,736319.726238426,736319.730960648,0.113333333283663
71798424,1,736320.644409722,736320.658194444,0.330833335407078
43193386,1,736316.674918982,736316.694166667,0.461944445036352
78845538,1,736319.683564815,736319.694791667,0.269444444216788
80797993,1,736319.713113426,736319.716921296,0.0913888905197382
93127690,2,736279.363530093,736279.370844907,0.175555553287268
85430619,2,736277.782025463,736277.7853125,0.0788888884708285
11256889,2,736279.807268518,736279.814039352,0.162500001490116
68000530,2,736279.030520833,736279.049768519,0.461944445036352
76066410,2,736279.673229167,736279.685069444,0.284166667610407
88449256,2,736278.451064815,736278.457280093,0.149166667833924
82344245,1,736302.48630787,736302.5003125,0.336111112497747
12689003,1,736319.73181713,736319.735543981,0.0894444426521659
30549698,1,736316.607638889,736316.621342593,0.328888890333474
11837502,1,736316.697384259,736316.706747685,0.224722221493721
70710924,2,736279.652615741,736279.667476852,0.356666665524244
13949447,2,736277.762152778,736277.768865741,0.161111111752689
34821983,2,736278.651030093,736279.511886574,20.6605555554852
28241619,1,736319.427337963,736319.433101852,0.138333331793547
46838614,1,736302.747060185,736302.765844907,0.450833332724869
85232112,2,736279.753587963,736279.765694444,0.29055555537343
15806456,1,736320.480949074,736320.491458333,0.252222223207355
56107256,2,736280.008252315,736280.014085648,0.140000000596046
93580543,2,736302.428900463,736302.433587963,0.112500001676381
20708861,2,736279.895775463,736315.950243056,865.307222222909
36292798,1,736313.510856482,736313.523460648,0.302499999292195
65126455,1,736319.524097222,736319.5309375,0.16416666470468
88500643,2,736280.467997685,736280.48337963,0.369166667573154
85660649,1,736320.502256944,736320.507395833,0.123333334922791
81318554,2,736279.657025463,736279.666909722,0.237222223542631
17897806,1,736320.492928241,736320.497569444,0.111388891004026
58971485,2,736280.956469907,736280.961805556,0.128055553883314
77283739,2,736278.547071759,736278.553958333,0.165277778171003
15751629,2,736278.749780093,736280.177928241,34.2755555547774
96472017,2,736279.805219907,736279.815243056,0.240555555559695
28574438,1,736320.620023148,736320.626747685,0.161388888023794
55646506,1,736316.717835648,736316.721840278,0.0961111122742295
46269850,2,736279.968912037,736279.973483796,0.109722222201526
35905977,1,736319.534305556,736319.538240741,0.0944444462656975
31244464,1,736302.741400463,736302.745868056,0.107222224585712
48583070,2,736281.399178241,736281.412118056,0.310555555857718
81336290,1,736302.685844907,736302.711481481,0.615277776494622
69484780,2,736281.860185185,736282.603483796,17.8391666673124
53478679,1,736316.547361111,736316.606261574,1.41361111029983
79834335,2,736284.789606481,736284.79818287,0.205833334475756
18380719,2,736309.390960648,736340.614201389,749.357777777128
95096411,2,736278.64931713,736278.655289352,0.143333332613111
88869875,1,736302.726805556,736302.740520833,0.329166666604579
93903925,1,736316.521539352,736316.546226852,0.592499999329448
83498309,2,736285.9371875,736285.947037037,0.236388889141381
33101941,1,736320.689074074,736320.696469907,0.17750000115484
85414106,2,736280.617407407,736280.620405093,0.0719444453716278
49059689,2,736280.658043982,736284.673402778,96.368611109443
68755928,2,736284.619467593,736284.719143518,2.39222222194076
48021733,1,736320.699131944,736320.701018519,0.0452777780592442
12037142,1,736329.500914352,736329.50400463,0.0741666667163372
56317255,1,736316.708032407,736316.716469907,0.202499999664724
43862142,1,736320.497777778,736320.501979167,0.100833334028721
35572467,2,736284.236747685,736284.252905093,0.387777775526047
64914252,2,736283.888518519,736283.89650463,0.191666666418314
98611393,1,736319.699351852,736319.711712963,0.296666666865349
61193493,2,736280.610625,736281.639594907,24.6952777784318
93916891,1,736375.687106482,736375.736423611,1.18361110892147
45293310,1,736320.475243056,736320.477384259,0.051388886757195
14847207,2,736292.725578704,736292.740208333,0.351111112162471
49249560,1,736302.71412037,736302.725787037,0.280000001192093
62135461,2,736282.694201389,736282.705381944,0.268333333544433
92618191,1,736320.684502315,736320.687997685,0.0838888892903924
78509088,2,736284.938657407,736284.958113426,0.466944443061948
90291648,2,736285.497222222,736285.509722222,0.299999998882413
84252995,1,736316.723391204,736316.729409722,0.144444446079433
73016379,2,736283.968958333,736283.974386574,0.130277778021991
99116042,1,736320.670868056,736320.684409722,0.325000000186265
13643403,1,736302.767372685,736302.777326389,0.238888889551163
10495813,2,736280.864791667,736280.870740741,0.142777780070901
34627653,2,736285.628865741,736285.634571759,0.136944444850087
72459175,1,736320.701319444,736320.709166667,0.18833333440125
78745890,1,736320.668668982,736320.670729167,0.0494444444775581
98326524,1,736313.56912037,736313.57712963,0.192222224548459
61767959,1,736333.515532407,736333.52087963,0.128333332948387
84930880,2,736288.54025463,736288.545763889,0.132222220301628
55603182,1,736313.627824074,736313.635497685,0.184166665188968
29331062,1,736333.486319444,736333.490034722,0.0891666663810611
11857415,2,736287.761435185,736287.766909722,0.131388888694346
42555022,1,736333.555601852,736333.615358796,1.43416666612029
64699726,2,736288.264756945,736288.269282407,0.108611108735204
13344417,2,736290.587835648,736290.591805556,0.0952777778729796
31377488,2,736291.495023148,736317.385694444,621.376111110672
85270245,2,736286.58880787,736286.594421296,0.13472222071141
94917207,2,736291.455520833,736291.459976852,0.106944442726672
86544485,2,736286.902951389,736286.909837963,0.165277778171003
49658715,2,736288.961400463,736288.9759375,0.348888888023794
69637785,2,736286.924953704,736286.93005787,0.122500000521541
11724464,1,736333.5265625,736333.530196759,0.0872222213074565
80581246,1,736333.483831019,736333.486157407,0.0558333322405815
67137517,2,736295.838506944,736295.849328704,0.259722221642733
85274949,1,736372.616875,736372.6221875,0.127500001341105
37783600,2,736287.717708333,736288.7009375,23.5975000010803
88729992,1,736319.503703704,736319.506805556,0.074444442987442
31929510,1,736302.445011574,736302.484861111,0.956388889811933
60307151,1,736333.655023148,736333.658854167,0.0919444430619478
17426732,2,736288.462083333,736288.470034722,0.190833334811032
91265091,1,736320.54037037,736320.545092593,0.113333333283663
50618404,2,736288.901539352,736313.86900463,599.219166666269
87490160,1,736319.616979167,736319.619560185,0.0619444465264678
93931754,2,736308.529456018,736308.540625,0.268055557273328
63521733,2,736312.636238426,736312.644212963,0.191388887353241
61270511,1,736313.462418981,736313.468634259,0.149166667833924
22119973,2,736286.5009375,736286.508333333,0.177499998360872
74002564,1,736319.489525463,736319.493043981,0.0844444446265697
99155650,1,736319.498055556,736319.502453704,0.105555555783212
21654428,2,736286.620300926,736286.629502315,0.22083333414048
78886714,2,736288.730324074,736288.746909722,0.398055556230247
75606099,2,736288.003541667,736288.013217593,0.232222222723067
50668489,1,736356.521273148,736358.643900463,50.9430555570871
85062676,2,736290.96318287,736290.988275463,0.602222221903503
75580612,1,736313.647291667,736313.654861111,0.181666664779186
35366189,1,736313.683900463,736313.693240741,0.224166666157544
62826765,2,736296.442615741,736296.450046296,0.17833333555609
77166129,2,736294.455173611,736294.464236111,0.217500002123415
18994564,2,736299.89994213,736299.902453704,0.060277777723968
80595998,1,736329.506284722,736329.508726852,0.058611111715436
79679001,2,736292.438576389,736308.5915625,387.671666666865
10667596,2,736292.417118056,736293.954571759,36.8988888887689
40283356,1,736320.509050926,736320.520219907,0.268055554479361
61949230,1,736319.676261574,736319.682893518,0.159166666679084
30993804,2,736320.981585648,736320.986493056,0.117777778767049
43217961,2,736299.50119213,736299.557256944,1.34555555507541
46676194,2,736297.710046296,736297.712800926,0.0661111129447818
91702300,2,736292.946064815,736314.908923611,527.10861111246
71707892,1,736333.679259259,736333.687719907,0.203055555000901
89989315,1,736319.51505787,736319.51693287,0.0449999989941716
19787052,2,736291.740972222,736291.744456019,0.0836111130192876
10946094,2,736291.739895833,736291.742569444,0.0641666678711772
63833365,1,736319.620393518,736319.628449074,0.193333335220814
93908272,2,736292.503414352,736292.520636574,0.413333334960043
21006078,1,736319.546851852,736319.549884259,0.07277777697891
53506126,1,736333.695277778,736372.627789352,934.380277778953
44779421,2,736294.80806713,736294.820486111,0.298055556602776
83650268,1,736333.508414352,736333.5134375,0.120555555447936
55697547,2,736306.672025463,736306.676770833,0.11388888861984
27992971,2,736291.79724537,736291.806979167,0.233611112460494
88005481,1,736319.595601852,736319.598900463,0.0791666675359011
76739432,1,736313.657719907,736313.672858796,0.363333335146308
45863335,1,736333.628958333,736333.637372685,0.201944444328547
14400868,1,736319.551076389,736319.588958333,0.909166666679084
53329656,2,736293.581145833,736293.586759259,0.13472222071141
24149384,2,736293.929768519,736293.941412037,0.279444443061948
84696974,1,736333.670405093,736333.674548611,0.0994444442912936
91211292,2,736308.81837963,736308.826493056,0.194722222164273
54148231,1,736319.624108796,736319.634224537,0.242777779698372
98519464,2,736293.722094907,736293.730891204,0.211111111566424
61459785,2,736293.553368056,736293.559328704,0.143055553548038
19150944,2,736294.747048611,736294.754641204,0.182222222909331
97456570,1,736333.639259259,736333.64400463,0.11388888861984
24533540,2,736293.840763889,736293.845324074,0.109444443136454
13317389,1,736333.689571759,736333.693993056,0.10611111111939
29411242,2,736308.95150463,736308.960775463,0.222500000149012
47267353,1,736365.454814815,736365.46162037,0.163333333097398
46816817,1,736319.538518519,736319.546423611,0.189722221344709
69032437,2,736293.461365741,736293.741724537,6.72861110977829
80070306,2,736293.874733796,736293.905925926,0.748611110262573
29192718,1,736319.50869213,736319.513506944,0.115555554628372
67673773,2,736291.882280093,736291.885763889,0.0836111130192876
78724340,2,736294.501944444,736294.532233796,0.726944443769753
72105847,1,736329.536481482,736329.550439815,0.334999999031425
25328987,2,736293.814178241,736293.821400463,0.173333334736526
66037401,1,736319.589537037,736319.595162037,0.134999999776483
60332682,1,736333.618287037,736333.625613426,0.175833335146308
91856194,1,736313.614039352,736313.623449074,0.225833334960043
75622875,2,736299.663564815,736299.695520833,0.766944444738328
74395000,2,736295.360092593,736295.373622685,0.32472222391516
90787499,1,736313.562222222,736313.567777778,0.133333333767951
25907403,2,736293.68244213,736293.688414352,0.143333335407078
38831031,1,736355.64400463,736355.6496875,0.13638888951391
35792872,1,736320.558310185,736320.568715278,0.249722222797573
51017991,1,736319.4378125,736319.443738426,0.142222221940756
31667835,2,736293.788263889,736293.793703704,0.130555554293096
33476208,1,736335.654988426,736335.660347222,0.128611112013459
77477417,2,736309.801990741,736311.978125,52.2272222237661
24730187,1,736319.494664352,736319.497256944,0.0622222227975726
40338184,1,736313.713391204,736313.718125,0.113611112348735
79151233,1,736333.494409722,736333.505578704,0.268055554479361
97736287,2,736293.902337963,736293.911388889,0.217222220264375
77153357,2,736294.967152778,736294.970185185,0.07277777697891
53326127,1,736320.634791667,736320.641458333,0.160000001080334
39243081,2,736299.99693287,736300.002222222,0.126944446004927
82383061,1,736333.522337963,736333.524837963,0.0599999986588955
79884110,1,736313.497488426,736313.506041667,0.205277779139578
72219277,1,736313.697384259,736313.699965278,0.0619444437325001
75887319,2,736298.906585648,736298.910659722,0.0977777754887939
64734639,1,736333.532847222,736333.552777778,0.478333334438503
38509060,2,736301.676967593,736301.726400463,1.18638888839632
52880532,1,736313.491643519,736313.495983796,0.104166666045785
13229962,1,736329.550960648,736329.568981481,0.432500001043081
11037821,1,736329.493090278,736329.498194444,0.122500000521541
48874542,2,736298.961145833,736298.973310185,0.29194444231689
48112344,2,736297.147303241,736297.153206019,0.141666666604579
76126531,2,736296.480717593,736296.492118056,0.273611110635102
62176309,2,736302.892858796,736302.896423611,0.0855555552989244
78475860,2,736301.997407407,736337.31875,847.712222222239
81669050,2,736311.787418981,736311.799467593,0.289166668429971
11870454,1,736313.526724537,736313.531666667,0.118611110374331
99638299,1,736313.42775463,736313.45431713,0.637500001117587
27571683,1,736329.49880787,736329.500613426,0.0433333357796073
61770335,1,736319.648020833,736319.658553241,0.252777775749564
74643171,1,736335.675729167,736335.684768519,0.21694444399327
17800285,1,736313.700983796,736313.706458333,0.131388888694346
89300315,2,736308.603020833,736308.614803241,0.28277777787298
20456667,2,736295.996087963,736296.002418982,0.151944444514811
73207394,2,736296.618171296,736296.625833333,0.183888888917863
24638255,2,736299.156967593,736299.166458333,0.227777780033648
82027979,1,736333.675451389,736333.678414352,0.0711111109703779
80300976,2,736305.944976852,736305.959884259,0.357777778990567
94219601,2,736308.605555556,736308.616921296,0.27277777902782
79572942,1,736329.517835648,736329.535601852,0.426388889551163
76109939,2,736297.960335648,736297.971365741,0.264722222462296
62010218,2,736308.536793981,736309.600509259,25.5291666677222
99832513,2,736294.601041667,736294.670486111,1.66666666511446
77133623,1,736320.546354167,736320.552326389,0.143333332613111
20542936,1,736329.508923611,736329.515648148,0.161388888023794
87330549,1,736313.481134259,736313.48837963,0.173888890072703
64804978,2,736294.592372685,736294.601643519,0.222500000149012
87331254,2,736296.503263889,736296.520208333,0.406666668131948
17937580,2,736301.311759259,736301.322604167,0.26027777697891
24248656,2,736294.670474537,736392.530381945,2348.63777777832
88320215,2,736320.763773148,736320.768206018,0.106388887390494
19402654,2,736294.934247685,736314.824918982,477.376111113466
92719295,2,736299.890231482,736299.908101852,0.428888887166977
45685244,2,736342.782118056,736342.795185185,0.313611111603677
19992114,2,736296.947361111,736296.95744213,0.241944445297122
78573105,2,736302.987083333,736302.991319445,0.101666668429971
73444664,2,736295.453321759,736295.464861111,0.276944445446134
60192001,2,736294.726759259,736294.7315625,0.115277778357267
16305255,2,736294.631574074,736314.558368056,478.243055557832
48478716,1,736378.436909722,736378.443842593,0.166388891637325
57197274,2,736296.423101852,736318.981458333,541.400555555709
12180851,2,736297.925868056,736297.964351852,0.923611111007631
60869355,1,736313.471678241,736313.480625,0.214722222648561
60786097,2,736297.454675926,736297.471446759,0.402500001713634
82155858,2,736297.78431713,736297.79130787,0.167777778580785
11249443,2,736298.463240741,736298.483912037,0.496111110784113
50008060,2,736309.711134259,736309.717604167,0.155277779325843
14679892,1,736319.636736111,736378.429976852,1411.0377777759
75429549,1,736334.430335648,736334.432488426,0.0516666658222675
12963872,2,736294.721377315,736294.727928241,0.157222224399447
30348793,2,736294.723148148,736294.730462963,0.175555556081235
17471372,2,736295.824826389,736295.856273148,0.754722221754491
43326784,2,736297.415613426,736297.42744213,0.283888888545334
69696039,2,736296.639375,736313.926331019,414.88694444485
62705764,2,736295.957118056,736296.8046875,20.3416666667908
88700905,1,736313.719456019,736313.730127315,0.256111110560596
46912449,2,736296.723449074,736296.729895833,0.154722221195698
42495031,2,736296.945625,736332.880104167,862.427499999292
15608543,2,736296.944097222,736315.893761574,454.791944445111
21091572,2,736296.788101852,736296.796678241,0.205833334475756
53130951,2,736296.896064815,736296.907083333,0.264444446191192
18555473,2,736320.559409722,736320.574826389,0.369999999180436
50440925,2,736301.769189815,736301.777581019,0.201388888992369
12265942,2,736297.094872685,736297.109212963,0.344166666269302
12628787,2,736295.897048611,736295.902615741,0.133611112833023
43187386,2,736295.838321759,736295.841585648,0.0783333331346512
27743004,2,736299.896828704,736299.938217593,0.993333332240582
12935940,2,736298.059988426,736314.151666667,386.200277776457
32141401,2,736295.934444444,736295.939490741,0.121111110784113
78274084,2,736297.607951389,736297.61068287,0.0655555548146367
50919735,1,736333.714525463,736333.719768518,0.125833332538605
22301029,1,736333.736805556,736333.740601852,0.0911111114546657
59379543,2,736296.935625,736314.424039352,419.721944443882
34423945,2,736296.642928241,736296.649930556,0.168055557645857
36952004,2,736333.663391204,736333.669930556,0.156944442540407
16037020,2,736299.902696759,736299.909861111,0.171944444999099
51996739,2,736315.621863426,736315.625451389,0.0861111106351018
97690987,2,736296.874780093,736296.888090278,0.319444444030523
24024370,1,736319.4571875,736319.463136574,0.142777777276933
95587383,1,736320.630451389,736320.634375,0.0941666672006249
66168894,2,736315.615358796,736315.620046296,0.112499998882413
31689500,2,736299.686145833,736299.697592593,0.274722221307456
54643422,2,736300.728333333,736300.737372685,0.216944446787238
22985548,1,736333.722430556,736333.729131944,0.160833332687616
98325760,2,736300.738321759,736301.591273148,20.4708333341405
44927185,2,736299.89880787,736299.908761574,0.238888889551163
61377782,2,736319.397384259,736319.41880787,0.514166666194797
15329748,2,736300.433564815,736305.02306713,110.148055555299
52538370,2,736297.946458333,736297.953263889,0.163333333097398
74722095,2,736296.553564815,736296.558020833,0.106944442726672
59544261,2,736298.369537037,736299.781678241,33.8913888903335
56046687,1,736316.730706019,736316.749537037,0.451944443397224
87917134,2,736300.663993056,736300.679143519,0.363611111417413
40237141,2,736296.140752315,736296.167152778,0.633611110970378
95499173,2,736296.490081019,736296.497048611,0.16722222045064
82846363,1,736335.626319444,736335.631574074,0.126111111603677
53894905,2,736300.488668981,736300.505578704,0.405833333730698
57552032,2,736295.931122685,736295.943958333,0.308055555447936
57440023,1,736335.660532407,736335.665358796,0.115833330899477
75031341,2,736304.407025463,736304.417083333,0.241388889960945
15417052,2,736304.797152778,736304.801076389,0.0941666672006249
44687895,2,736301.942106482,736301.946909722,0.1152777755633
39352176,2,736308.965046296,736308.989479167,0.586388890631497
50084327,2,736304.504027778,736304.509756944,0.137500000186265
86750143,1,736333.70587963,736333.708657407,0.0666666682809591
48064114,2,736307.888553241,736307.892951389,0.105555555783212
62591993,2,736301.905648148,736301.91556713,0.238055555149913
87909822,2,736304.851319444,736304.858194444,0.16499999910593
63362095,2,736304.520833333,736304.52462963,0.0911111114546657
58439159,1,736335.440509259,736335.448969907,0.203055555000901
11294271,2,736304.886550926,736304.892662037,0.146666667424142
23221606,2,736317.735219907,736317.74400463,0.21083333529532
38728677,1,736336.435266204,736336.438715278,0.0827777786180377
26354694,1,736334.55630787,736334.625532407,1.66138888802379
52807309,2,736301.878935185,736301.889664352,0.257500000298023
33053855,2,736305.419884259,736305.45224537,0.776666667312384
99115647,2,736307.639027778,736307.648298611,0.222500000149012
52465278,2,736301.789710648,736301.798912037,0.22083333414048
11164072,1,736356.531111111,736356.546840278,0.377499997615814
30014205,2,736301.988877315,736301.997152778,0.198611109517515
53802698,2,736304.901516204,736304.915844907,0.343888889998198
91284267,2,736304.970462963,736304.975185185,0.113333333283663
17706280,1,736334.540625,736334.548506944,0.189166666008532
37770233,2,736302.545509259,736315.941226852,321.49722222425
41974155,2,736305.94712963,736305.975752315,0.686944442801178
53689754,2,736305.748240741,736305.753715278,0.131388888694346
43152321,2,736304.5653125,736304.575648148,0.248055556789041
37066265,2,736310.889155093,736310.913414352,0.582222221419215
71498839,1,736313.707766204,736313.711469907,0.0888888901099563
49392448,2,736306.89849537,736306.902650463,0.0997222205623984
62011974,2,736304.9659375,736304.970717593,0.11472222302109
32053730,2,736303.769768519,736304.429618056,15.8363888897002
65614797,1,736319.451481481,736319.456261574,0.11472222302109
57443819,2,736302.060034722,736302.074131944,0.338333333842456
71432880,2,736301.844710648,736301.853321759,0.206666666083038
85219503,2,736301.758229167,736301.763680556,0.130833333358169
59035061,1,736336.438923611,736336.442881944,0.0950000016018748
75821626,2,736301.956840278,736304.660729167,64.8933333344758
17930358,2,736301.984826389,736339.571666667,902.084166666493
79105910,2,736304.939166667,736304.949016204,0.236388889141381
29485037,2,736303.65744213,736303.663148148,0.136944442056119
49616996,2,736311.771134259,736311.774421296,0.0788888884708285
68370147,2,736303.483425926,736303.491678241,0.198055554181337
11625385,2,736319.567962963,736319.578541667,0.253888886421919
76317899,2,736302.481967593,736302.487893519,0.142222221940756
40350146,2,736305.76849537,736305.777280093,0.210833332501352
59108938,2,736305.548483796,736305.554814815,0.151944444514811
27951738,2,736336.478298611,736336.484502315,0.148888888768852
43335279,2,736301.771111111,736302.540798611,18.4724999992177
72419995,2,736303.701736111,736303.706215278,0.107500000856817
46528593,2,736306.84306713,736306.852025463,0.215000001713634
16688087,2,736303.781898148,736303.786921296,0.120555555447936
30521751,2,736305.874560185,736305.888865741,0.343333331868052
76189078,1,736335.465335648,736335.482916667,0.421944444067776
29157551,2,736306.770671296,736306.777615741,0.16666666790843
25300496,1,736335.451770833,736335.4603125,0.205000000074506
95576448,2,736316.347303241,736318.598587963,54.0308333309367
98058870,2,736321.411168981,736321.419340278,0.196111111901701
86293261,2,736303.271134259,736303.282835648,0.280833332799375
23601144,1,736334.43318287,736334.437615741,0.106388887390494
79073292,1,736334.482314815,736334.488912037,0.158333332277834
18546643,2,736303.601701389,736303.617858796,0.387777778320014
88564173,2,736305.915891204,736305.925381944,0.22777777723968
62630853,2,736307.842025463,736307.847627315,0.134444444440305
91196872,2,736320.891319444,736320.903240741,0.286111112684011
68926036,2,736316.477824074,736336.042418981,469.550277776085
28294664,2,736303.611284722,736313.851597222,245.767500001006
55646398,1,736335.48724537,736335.491666667,0.10611111111939
47269857,2,736302.915104167,736302.921851852,0.161944443359971
53193716,1,736334.709386574,736334.720740741,0.272499999962747
22804641,1,736336.427037037,736336.432199074,0.123888890258968
75584042,1,736334.492025463,736334.510763889,0.449722224846482
82888904,2,736305.585775463,736305.609479167,0.568888890556991
42475363,2,736306.428043981,736306.43681713,0.210555556230247
28299235,2,736302.918414352,736302.943287037,0.596944444812834
49036139,2,736302.874884259,736302.877106481,0.0533333318307996
68591939,2,736315.773333333,736315.786284722,0.310833334922791
51804787,2,736305.367581018,736306.434236111,25.5997222233564
29894332,2,736305.712789352,736305.719108796,0.151666668243706
78733428,2,736315.643298611,736315.648680556,0.129166664555669
72798199,2,736305.4284375,736328.491180556,553.505833332427
36747282,1,736335.698136574,736335.702743056,0.110555553808808
57128384,1,736382.433055556,736382.444074074,0.264444443397224
72999795,2,736307.627615741,736307.637037037,0.226111111231148
99394518,1,736335.703680556,736335.708912037,0.1255555562675
19940509,1,736334.518761574,736334.522060185,0.0791666675359011
71295020,2,736309.739259259,736309.744178241,0.118055555038154
40228225,1,736334.689976852,736334.73693287,1.1269444450736
96308877,1,736335.597662037,736335.599872685,0.0530555555596948
41879117,1,736334.625763889,736334.63150463,0.137777776457369
79586148,2,736309.499074074,736309.510520833,0.274722221307456
95819081,2,736309.912604167,736309.915972222,0.0808333335444331
30922684,2,736310.936435185,736310.94943287,0.311944445595145
55157168,1,736334.47025463,736334.481967593,0.281111111864448
60749242,2,736308.550173611,736308.55880787,0.207222221419215
73463764,2,736312.741018519,736312.772974537,0.766944441944361
11344005,2,736309.368055556,736310.782824074,33.9544444447383
42993061,2,736307.732928241,736307.7403125,0.177222222089767
57387685,2,736321.655717593,736321.669293982,0.325833334587514
59861568,2,736307.944340278,736307.952314815,0.191388887353241
10400394,2,736308.785983796,736308.790428241,0.106666666455567
61143500,2,736333.649444444,736333.654259259,0.115555554628372
32683957,1,736335.49818287,736335.500162037,0.0475000021979213
99819582,1,736335.460891204,736335.465150463,0.10222222097218
54066249,1,736334.549675926,736334.555069444,0.129444446414709
16993408,1,736371.749675926,736371.755289352,0.13472222071141
35146558,2,736316.923402778,736316.9296875,0.150833333842456
60492313,2,736317.637731481,736317.6421875,0.106944445520639
83986437,1,736334.445104167,736334.455289352,0.244444445706904
74341776,1,736334.729513889,736334.731863426,0.0563888875767589
64268051,2,736313.713356482,736317.901134259,100.506666666828
81021136,2,736313.714606481,736313.723229167,0.20694444514811
47353122,2,736342.653831018,736342.662916667,0.218055557459593
86809017,2,736316.950787037,736316.956145833,0.128611112013459
43404638,2,736318.439733796,736318.449351852,0.23083333298564
70847722,1,736329.484097222,736329.491608796,0.180277777835727
85662841,2,736320.440405093,736320.444722222,0.103611110709608
54352448,1,736334.634837963,736334.638958333,0.0988888889551163
88602520,2,736335.677824074,736335.681238426,0.0819444442167878
48711852,1,736334.458680556,736334.462141204,0.0830555548891425
14184688,2,736315.903680556,736315.913541667,0.236666668206453
74746631,1,736335.710289352,736335.712696759,0.0577777773141861
40591509,2,736316.919699074,736316.926400463,0.160833332687616
75567561,1,736335.690833333,736335.697673611,0.164166667498648
98976964,1,736335.648703704,736335.653414352,0.113055557012558
66097828,2,736319.383634259,736319.386284722,0.0636111125349998
55607039,1,736334.723784722,736334.728009259,0.10138888657093
69752642,2,736313.735763889,736316.929039352,76.6386111108586
42884894,2,736313.728171296,736313.735474537,0.175277777016163
38271972,1,736319.446689815,736319.450729167,0.0969444438815117
51675219,2,736313.878506944,736313.88275463,0.101944444701076
96492298,2,736331.87630787,736331.883553241,0.173888887278736
78692773,1,736334.439537037,736334.444780093,0.125833332538605
69933227,2,736314.681111111,736314.687199074,0.146111112087965
45067009,2,736318.487835648,736318.501863426,0.336666667833924
10977706,1,736335.684884259,736335.690300926,0.129999998956919
82972110,1,736335.60037037,736335.603252315,0.0691666686907411
37396748,1,736335.725081019,736335.728472222,0.0813888888806105
46908275,1,736319.467534722,736319.47099537,0.0830555576831102
34931103,1,736335.713043981,736335.717337963,0.10305555537343
16682693,2,736316.361226852,736316.372141204,0.26194444578141
95759794,2,736313.738611111,736313.744108796,0.131944446824491
79325993,2,736320.32505787,736320.336134259,0.265833333134651
30122128,2,736317.963888889,736317.972372685,0.203611110337079
27250942,2,736313.820694444,736313.824444444,0.0899999979883432
36693538,2,736314.882268519,736314.898391204,0.386944443918765
75823597,2,736314.809884259,736314.818229167,0.200277778320014
78474807,2,736313.868194444,736335.704247685,524.065277776681
17851466,2,736316.918634259,736316.930648148,0.288333334028721
57928253,2,736316.618125,736394.547939815,1870.31555555575
14017158,1,736334.523263889,736334.537916667,0.351666667498648
69715294,1,736335.491898148,736335.496261574,0.104722221381962
87452223,1,736336.445011574,736336.447384259,0.0569444457069039
83473702,2,736314.516284722,736316.551574074,48.8469444438815
46233386,1,736335.718773148,736335.72369213,0.118055555038154
42818681,1,736335.666782407,736335.674108796,0.17583333235234
91464655,2,736316.538402778,736316.549849537,0.274722224101424
98903367,1,736335.500416667,736335.509861111,0.226666666567326
41323143,1,736336.447824074,736336.458634259,0.259444445371628
35411283,1,736334.462881944,736334.46849537,0.13472222071141
84836384,2,736318.907303241,736319.383819444,11.4363888893276
93799182,2,736326.021157407,736327.770115741,41.9749999986961
96732089,2,736316.922349537,736337.477650463,493.327222223394
92769599,2,736315.871990741,736315.8790625,0.169722220860422
18382054,2,736317.597939815,736317.602881944,0.118611110374331
88108809,2,736318.018657407,736321.86787037,92.3811111124232
60050415,2,736319.437731482,736319.44443287,0.160833332687616
54775752,2,736318.970231481,736318.976875,0.159444445744157
19089426,2,736318.825173611,736318.829293981,0.0988888889551163
41210102,2,736315.623125,736315.631689815,0.205555555410683
24286762,2,736315.600104167,736315.605972222,0.140833332203329
65147287,1,736335.631724537,736335.634375,0.0636111125349998
70419190,2,736319.60431713,736319.607696759,0.0811111126095057
91964417,1,736358.644328704,736358.6484375,0.0986111098900437
93592898,2,736327.681493056,736327.691469907,0.23944444488734
84657836,2,736319.701180556,736320.386087963,16.4377777799964
79586105,2,736322.900625,736322.915520833,0.357499999925494
18636645,2,736320.932789352,736323.972685185,72.9574999976903
22430958,2,736320.818969907,736320.824675926,0.136944444850087
33967483,2,736321.3821875,736321.399375,0.412500000558794
46984835,2,736319.896481482,736339.4715625,469.801944443956
14963423,2,736320.032372685,736324.499166667,107.203055555932
91575539,1,736334.688321759,736334.700231481,0.285833333618939
64673278,2,736325.56287037,736325.578414352,0.373055554926395
65119412,2,736323.106956018,736323.131967593,0.600277779623866
62641559,1,736334.640081019,736334.653009259,0.310277776792645
88255952,2,736322.656226852,736322.668703704,0.299444443546236
13346161,1,736365.488483796,736365.493333333,0.116388889029622
14182942,2,736323.69130787,736323.720173611,0.692777778021991
80281187,2,736321.867800926,736321.8725,0.112777777947485
58784815,1,736335.510150463,736335.596597222,2.07472222298384
69813337,1,736334.657199074,736334.695775463,0.925833335146308
93113235,2,736325.581631944,736325.594502315,0.308888889849186
36402305,2,736321.412210648,736321.418125,0.141944442875683
82405334,2,736321.686354167,736321.692372685,0.144444443285465
16541874,2,736326.415081018,736326.432002315,0.40611111279577
38435951,2,736320.456284722,736321.419513889,23.1175000006333
50386662,2,736325.659421296,736325.670138889,0.257222221232951
45582659,1,736334.511851852,736334.551412037,0.949444443918765
77053784,2,736330.476863426,736331.973298611,35.9144444447011
77514857,2,736328.396076389,736328.411875,0.379166666418314
35464969,2,736322.011157407,736322.018287037,0.171111110597849
58753797,2,736323.849722222,736323.879837963,0.722777777351439
60150356,2,736322.803298611,736322.811238426,0.190555555745959
93724430,1,736358.654282407,736358.680196759,0.621944446116686
47747005,1,736355.716238426,736355.790787037,1.789166665636
48566599,2,736322.407997685,736322.419270833,0.27055555768311
40817966,2,736331.531296296,736331.536481482,0.124444445595145
37809153,2,736322.5615625,736322.890914352,7.90444444399327
26616425,2,736320.766111111,736336.011087963,365.879444444552
41445565,2,736334.686296296,736334.931666667,5.88888888806105
16291889,2,736324.143530093,736324.148831018,0.127222222276032
29632406,2,736324.012974537,736337.523530093,324.25333333388
60430487,2,736320.727488426,736320.730868056,0.0811111126095057
65576691,2,736320.671956019,736320.676770833,0.115555554628372
87722788,2,736321.524340278,736335.386550926,332.693055555224
45825573,2,736333.660393519,736333.671134259,0.257777779363096
14055983,2,736333.710462963,736333.733368056,0.549722221679986
87196929,2,736356.523634259,736356.589039352,1.56972222402692
57697220,2,736322.130833333,736322.14068287,0.236388889141381
56656760,2,736323.479699074,736323.500509259,0.499444445595145
44211423,1,736356.523263889,736356.53087963,0.182777778245509
38433295,1,736356.481759259,736365.412152778,214.329444444738
92139480,2,736321.70412037,736335.985462963,342.752222224139
35788749,2,736322.91630787,736322.92494213,0.207222221419215
76212658,1,736365.740659722,736365.745787037,0.123055555857718
60746278,2,736327.930277778,736327.944918982,0.351388888433576
93849161,2,736323.724016204,736323.762708333,0.928611111827195
70690911,1,736355.68087963,736355.684490741,0.0866666659712791
27715859,1,736365.525856482,736365.536296296,0.250555554404855
93242677,2,736331.773935185,736331.785891204,0.286944444291294
42351104,2,736332.943773148,736332.952303241,0.204722223803401
92517207,1,736340.488935185,736355.643159722,363.701388889924
33056691,1,736358.688217593,736358.694456019,0.149722223170102
65046116,2,736330.945925926,736330.952916667,0.167777775786817
88995932,2,736331.865798611,736331.900509259,0.83305555768311
31112109,2,736332.471296296,736332.488715278,0.418055553920567
13775858,2,736329.481689815,736329.488587963,0.165555554442108
26343036,2,736329.469456019,736329.479224537,0.234444444067776
90607637,2,736329.971898148,736329.990196759,0.439166665077209
44623572,2,736340.715243056,736340.7228125,0.181666664779186
64605820,2,736331.545219907,736331.549930556,0.11305555421859
23499032,1,736356.498634259,736356.513252315,0.350833333097398
23117844,2,736331.907835648,736331.915381944,0.181111109443009
38500397,2,736329.002060185,736336.455856481,178.891111110337
70586548,2,736332.992916667,736332.998599537,0.13638888951391
99127219,2,736331.659953704,736389.463981482,1387.29666666593
40272308,2,736328.85806713,736328.866574074,0.204166665673256
58573950,2,736328.527511574,736328.53349537,0.143611111678183
11776171,2,736340.460578704,736340.472939815,0.296666666865349
32488774,2,736328.973449074,736328.97630787,0.068611110560596
33820112,2,736329.434490741,736329.443287037,0.211111111566424
54787848,2,736329.875960648,736339.967638889,242.200277776457
40232281,2,736331.906319444,736331.910717593,0.105555555783212
15264221,2,736328.57880787,736337.58869213,216.237222220749
28989980,2,736328.590486111,736328.596319444,0.140000000596046
75374365,2,736331.946400463,736331.953402778,0.16805555485189
79524265,2,736337.739826389,736337.74587963,0.145277777686715
55212238,2,736331.991898148,736332.003946759,0.289166665636003
55235710,1,736355.699814815,736355.714953704,0.36333333235234
59235352,1,736365.519733796,736365.524282407,0.109166666865349
55860631,1,736356.494988426,736356.498449074,0.0830555576831102
33440850,2,736332.951006944,736332.95693287,0.142222221940756
45740273,2,736329.752141204,736336.944282407,172.61138888821
31623010,1,736379.677719907,736392.541053241,308.720000001602
90532298,2,736333.954513889,736333.963842593,0.223888887092471
32342024,2,736342.371909722,736342.376064815,0.0997222233563662
38819323,2,736331.9840625,736332.011574074,0.660277778282762
32179276,2,736332.563587963,736332.568344907,0.114166664890945
75378155,2,736329.680949074,736332.01943287,56.1236111093313
88128462,1,736371.743402778,736371.748738426,0.128055553883314
87185536,2,736328.537395833,736340.590358796,289.271111112088
22411792,2,736329.074282407,736332.408969907,80.0325000006706
96317123,2,736328.950231481,736328.959780093,0.229166666977108
51621637,2,736340.675497685,736340.681006944,0.132222220301628
95096829,1,736365.746157407,736365.750358796,0.100833334028721
96471446,2,736340.8740625,736340.885034722,0.263333335518837
19555774,1,736365.514236111,736365.518530093,0.10305555537343
67484458,1,736355.685300926,736355.690763889,0.131111109629273
94349633,2,736337.895393519,736337.901423611,0.144722222350538
48885926,1,736337.844849537,736392.534652778,1312.5552777797
46077422,2,736330.689236111,736330.717847222,0.686666666530073
40940069,2,736328.618854167,736328.640833333,0.527499999850988
50139229,1,736358.681689815,736358.683356481,0.0400000009685755
46360894,2,736348.786087963,736348.792268518,0.148333333432674
81832556,2,736329.43869213,736329.442222222,0.0847222208976746
47545727,1,736355.650798611,736355.654548611,0.090000000782311
88157888,2,736328.613958333,736331.766006944,75.6491666659713
85756290,2,736331.933657407,736331.938981481,0.127777777612209
73051890,1,736355.655636574,736355.662280093,0.159444445744157
40905140,1,736356.485925926,736356.492546296,0.158888890407979
34773346,1,736365.537141204,736365.543460648,0.151666668243706
34794436,2,736328.703923611,736328.711956018,0.192777777090669
17824455,2,736346.43818287,736346.447025463,0.212222222238779
60588645,2,736328.707881944,736335.945810185,173.710277776234
31334995,2,736333.363900463,736335.689791667,55.8213888891041
66166471,2,736331.919756944,736335.846643519,94.2452777791768
39341446,2,736331.6625,736331.683125,0.495000000111759
79490344,1,736356.476585648,736356.481203704,0.110833332873881
12818986,1,736356.513599537,736356.518101852,0.108055553399026
90218127,1,736355.692546296,736355.699085648,0.156944445334375
12808049,2,736336.756828704,736336.761574074,0.11388888861984
87746186,2,736335.723368056,736335.751666667,0.679166668094695
90496219,2,736339.861539352,736340.842997685,23.554999999702
50322326,2,736337.52380787,736337.539375,0.37361111305654
57896969,2,736353.950659722,736353.958576389,0.190000000409782
28422326,2,736343.907303241,736343.914155093,0.164444443769753
22886585,2,736335.696388889,736335.700636574,0.101944444701076
75583332,2,736340.612777778,736340.619166667,0.153333331458271
23631969,2,736336.953298611,736341.919594907,119.191111112013
17175713,2,736335.817361111,736335.834895833,0.420833333395422
85945794,2,736351.67349537,736392.704108796,984.73472222127
92990664,1,736358.648668982,736358.651990741,0.0797222228720784
56216631,2,736337.988634259,736338.002141204,0.324166668578982
49226652,2,736340.380231482,736340.388900463,0.208055555820465
71239692,1,736365.429479167,736365.450335648,0.5005555562675
77647346,2,736349.583993056,736349.593842593,0.236388889141381
30881166,2,736340.823159722,736340.82619213,0.07277777697891
47790815,1,736365.476527778,736365.487268519,0.257777779363096
17604612,2,736352.574386574,736352.582418981,0.192777777090669
37420699,2,736340.436666667,736340.449699074,0.312777777202427
10105130,1,736365.462372685,736365.466226852,0.0924999983981252
89070958,2,736341.346736111,736341.350578704,0.0922222221270204
52526919,1,736365.467372685,736365.475625,0.198055554181337
41893194,1,736371.733101852,736371.742766204,0.231944443657994
29903147,1,736365.413726852,736365.419201389,0.131388888694346
72754022,2,736338.563657407,736341.425949074,68.695000000298
73474238,2,736337.859305556,736337.877141204,0.428055555559695
35257030,2,736337.965775463,736337.973993056,0.197222222574055
76973593,1,736358.683576389,736358.687696759,0.0988888889551163
98316982,2,736355.904236111,736355.909189815,0.118888889439404
57487336,1,736365.450763889,736365.454201389,0.0824999995529652
77069618,2,736342.634189815,736342.645046296,0.260555556043983
46221582,2,736350.850648148,736350.860590278,0.238611113280058
75747938,2,736340.817604167,736340.822337963,0.113611109554768
34353107,2,736340.751053241,736340.798472222,1.13805555459112
77725637,2,736341.848159722,736341.853819444,0.135833334177732
28350064,2,736344.857037037,736344.868726852,0.28055555652827
24370596,1,736365.64375,736365.648680556,0.118333331309259
11658139,2,736352.025983796,736392.728321759,976.856111110188
83732108,2,736349.965960648,736349.977199074,0.26972222328186
78027519,2,736350.96775463,736350.9746875,0.166388888843358
63745362,2,736341.580474537,736341.600763889,0.486944446340203
25074113,2,736351.936006944,736351.94537037,0.224722224287689
51758126,1,736365.664525463,736365.670949074,0.15416666585952
30864972,1,736365.420243056,736365.428761574,0.204444444738328
47837972,1,736365.71599537,736365.739293981,0.559166665188968
24620397,2,736342.871724537,736342.885810185,0.338055557571352
73647579,2,736342.895173611,736342.905023148,0.236388889141381
69137285,1,736365.736724537,736365.73974537,0.0725000007078052
72028257,2,736350.86849537,736393.614270833,1025.89861111064
54279943,1,736365.702615741,736365.70869213,0.145833333022892
21476608,2,736350.868564815,736350.880185185,0.278888890519738
35145881,2,736344.758275463,736344.779733796,0.514999997802079
87190434,2,736344.74744213,736344.760162037,0.305277775973082
66912749,1,736365.672048611,736365.683136574,0.266111112199724
17984165,2,736349.86744213,736349.8809375,0.32388888951391
46957455,2,736344.878946759,736346.871724537,47.8266666652635
64422886,2,736344.477326389,736344.507210648,0.717222221195698
70740449,2,736350.990729167,736351.000578704,0.236388889141381
92079058,1,736365.685706018,736365.697951389,0.293888890184462
80649207,2,736342.702094907,736344.748634259,49.1169444434345
89781724,1,736375.679085648,736375.685509259,0.15416666585952
87169149,2,736351.155358796,736351.161770833,0.153888889588416
47447435,2,736342.593935185,736342.601180556,0.173888887278736
81947762,2,736342.735555556,736344.903842593,52.0388888893649
90670934,2,736344.957199074,736344.964490741,0.175000000745058
95067460,2,736344.933449074,736344.942164352,0.20916666649282
34506763,2,736356.91943287,736356.923831019,0.105555555783212
64643736,2,736383.455115741,736383.460798611,0.13638888951391
33731847,2,736382.879189815,736382.904456018,0.606388888321817
95329905,1,736365.634513889,736365.642199074,0.184444444254041
23440991,2,736354.564837963,736354.923645833,8.61138888727874
59720104,2,736363.387511574,736363.3990625,0.277222221717238
90667744,2,736352.683460648,736353.907395833,29.3744444428012
51273253,2,736353.894363426,736356.544803241,63.6105555547401
92903080,2,736354.873090278,736354.884259259,0.268055554479361
86572350,1,736365.545046296,736365.548518519,0.0833333339542151
35472160,2,736382.943900463,736382.953541667,0.231388888321817
41655665,2,736357.398680556,736357.40880787,0.243055555969477
20931383,1,736365.507314815,736365.513726852,0.153888889588416
99507885,2,736355.990266204,736355.995046296,0.11472222302109
89542296,2,736378.925358796,736378.934155093,0.211111111566424
62568804,2,736356.621840278,736356.665914352,1.05777777638286
13376654,2,736359.518518519,736359.527372685,0.212499998509884
35951820,2,736358.578958333,736361.428622685,68.3919444428757
32119336,1,736365.709340278,736365.714039352,0.112777777947485
68933514,1,736392.44369213,736392.452037037,0.200277778320014
29399075,2,736362.521539352,736362.532650463,0.266666664741933
38120101,1,736375.67181713,736375.676423611,0.110555556602776
11170632,2,736376.83318287,736376.849849537,0.399999998509884
55377154,1,736389.443981481,736389.448611111,0.111111111938953
46025078,2,736359.918032407,736359.937951389,0.47805555537343
40026972,2,736361.61869213,736361.624409722,0.137222221121192
10605717,2,736361.813969907,736361.822638889,0.208055555820465
76349818,1,736396.49275463,736396.495590278,0.0680555580183864
57646962,2,736365.714074074,736365.730416667,0.392222223803401
51816850,2,736391.824583333,736391.830266204,0.13638888951391
54164281,2,736387.855810185,736387.871643519,0.380000000819564
75567684,1,736399.42431713,736399.436331019,0.288333334028721
97137749,2,736392.840416667,736392.867349537,0.646388889290392
