participant_code,residence_type,num_usual_contacts,usual_contact_idx,usual_age_or_range,usual_age_or_mid_range,usual_gender,usual_relation
88138203,1,4,1,1,28,2,4
88138203,1,4,2,1,55,2,2
88138203,1,4,3,1,54,1,2
88138203,1,4,4,1,25,1,4
88326854,1,3,1,1,57,1,2
88326854,1,3,2,1,59,2,2
88326854,1,3,3,1,23,1,4
52514473,1,3,1,2,43,2,2
52514473,1,3,2,2,43,1,2
52514473,1,3,3,2,28,2,999
13310788,1,2,1,1,90,1,2
13310788,1,2,2,1,80,2,2
97632983,1,1,1,1,62,2,1
46464610,1,5,1,1,0,2,3
46464610,1,5,2,1,2,1,3
46464610,1,5,3,1,36,2,1
46464610,1,5,4,1,65,2,2
46464610,1,5,5,1,36,2,997
65878115,1,3,1,1,63,1,1
65878115,1,3,2,1,29,2,3
65878115,1,3,3,1,27,2,3
66751965,1,3,1,2,43,1,2
66751965,1,3,2,2,43,2,2
66751965,1,3,3,2,13,1,4
11841028,1,3,1,1,12,1,9
11841028,1,3,2,1,51,2,997
11841028,1,3,3,1,79,2,5
30022876,1,3,1,2,28,2,4
30022876,1,3,2,2,28,2,4
30022876,1,3,3,2,63,2,2
23869239,1,2,1,1,67,1,2
23869239,1,2,2,1,67,2,2
64996187,1,2,1,2,53,1,2
64996187,1,2,2,2,53,2,2
86072707,1,2,1,2,63,2,2
86072707,1,2,2,2,63,1,2
54550414,1,1,1,2,63,1,1
78485378,1,1,1,1,75,1,1
78917226,1,3,1,2,48,1,2
78917226,1,3,2,2,48,2,2
78917226,1,3,3,2,18,2,4
55257573,1,2,1,1,51,2,1
55257573,1,2,2,1,21,1,3
92407597,1,3,1,2,48,1,2
92407597,1,3,2,2,48,2,2
92407597,1,3,3,2,18,2,4
90415556,1,4,1,1,75,2,5
90415556,1,4,2,1,47,1,2
90415556,1,4,3,1,46,2,2
90415556,1,4,4,1,14,1,4
17892155,1,2,1,2,63,2,5
17892155,1,2,2,2,28,1,4
98287770,1,3,1,1,55,1,2
98287770,1,3,2,1,50,2,2
98287770,1,3,3,1,25,1,4
20162067,1,3,1,2,58,2,2
20162067,1,3,2,2,58,1,2
20162067,1,3,3,2,58,1,8
31080111,1,1,1,2,33,1,1
78251014,999,2,1,2,28,1,4
78251014,999,2,2,2,63,1,2
32301026,1,1,1,2,23,1,999
67890127,1,1,1,1,32,1,3
62310371,1,4,1,2,33,2,4
62310371,1,4,2,2,58,2,2
62310371,1,4,3,2,58,1,2
62310371,1,4,4,2,33,2,999
93403811,1,2,1,1,43,2,2
93403811,1,2,2,1,43,1,2
80684232,1,3,1,2,53,1,2
80684232,1,3,2,2,53,2,2
80684232,1,3,3,2,18,1,4
39273981,1,1,1,1,58,1,1
87088262,1,2,1,2,63,1,2
87088262,1,2,2,2,53,2,2
24760713,1,1,1,1,83,2,2
82976814,1,1,1,2,28,1,1
88405608,1,4,1,1,60,1,2
88405608,1,4,2,1,57,2,2
88405608,1,4,3,1,21,2,7
88405608,1,4,4,1,19,2,7
62323231,1,2,1,2,58,1,2
62323231,1,2,2,2,53,2,2
25419195,1,3,1,2,63,1,2
25419195,1,3,2,2,63,2,2
25419195,1,3,3,2,63,2,5
45357188,1,2,1,1,22,2,3
45357188,1,2,2,1,20,1,3
19094963,1,4,1,1,13,1,3
19094963,1,4,2,1,8,1,3
19094963,1,4,3,1,41,2,1
19094963,1,4,4,1,42,2,997
17257781,1,3,1,2,33,2,1
17257781,1,3,2,2,23,2,997
17257781,1,3,3,2,3,2,3
29415238,1,5,1,2,3,1,4
29415238,1,5,2,2,33,2,2
29415238,1,5,3,2,33,1,2
29415238,1,5,4,2,58,2,5
29415238,1,5,5,2,58,1,5
20602985,1,1,1,1,33,2,3
24577058,1,2,1,1,67,1,1
24577058,1,2,2,1,36,2,3
96188068,1,2,1,1,45,2,2
96188068,1,2,2,1,42,1,2
89881612,1,2,1,1,84,1,1
89881612,1,2,2,1,45,1,3
51971408,1,2,1,2,43,1,1
51971408,1,2,2,2,3,1,3
42897756,1,1,1,2,63,2,2
51105699,1,1,1,1,69,2,2
72470897,1,2,1,2,38,2,2
72470897,1,2,2,2,18,2,4
18918326,1,2,1,1,11,2,4
18918326,1,2,2,1,48,2,2
62691603,1,5,1,1,3,1,997
62691603,1,5,2,1,7,1,997
62691603,1,5,3,1,39,2,4
62691603,1,5,4,1,41,1,997
62691603,1,5,5,1,38,2,999
44892039,1,2,1,2,53,2,2
44892039,1,2,2,2,63,1,2
27608939,1,3,1,1,16,2,3
27608939,1,3,2,2,48,2,4
27608939,1,3,3,2,63,2,2
63426566,1,3,1,1,48,1,1
63426566,1,3,2,1,12,999,3
63426566,1,3,3,1,50,2,997
72397375,1,2,1,2,3,2,3
72397375,1,2,2,2,33,2,1
47681562,1,4,1,2,53,1,1
47681562,1,4,2,2,18,1,3
47681562,1,4,3,2,18,2,3
47681562,1,4,4,2,28,2,997
23919020,1,3,1,1,43,1,1
23919020,1,3,2,1,16,1,3
23919020,1,3,3,1,10,1,3
93188586,1,3,1,1,84,1,2
93188586,1,3,2,1,82,2,2
93188586,1,3,3,2,48,1,4
36531565,1,2,1,1,90,2,2
36531565,1,2,2,1,42,2,997
67580946,1,3,1,1,36,1,1
67580946,1,3,2,1,9,2,3
67580946,1,3,3,1,2,1,3
70087084,1,2,1,2,58,2,2
70087084,1,2,2,2,38,2,4
48437164,1,4,1,2,38,2,1
48437164,1,4,2,1,8,1,3
48437164,1,4,3,1,2,1,3
48437164,1,4,4,2,33,2,997
28718993,1,3,1,2,33,2,2
28718993,1,3,2,2,33,1,2
28718993,1,3,3,2,28,2,997
46351919,1,4,1,2,8,1,3
46351919,1,4,2,2,38,1,1
46351919,1,4,3,2,63,999,5
46351919,1,4,4,2,23,2,999
64098064,1,3,1,2,48,1,2
64098064,1,3,2,2,48,2,2
64098064,1,3,3,2,23,2,4
40851437,1,4,1,1,47,2,2
40851437,1,4,2,1,20,2,9
40851437,1,4,3,1,52,1,2
40851437,1,4,4,1,22,1,4
12026009,1,2,1,2,38,2,1
12026009,1,2,2,2,8,1,3
33231904,1,3,1,2,38,2,2
33231904,1,3,2,2,38,1,2
33231904,1,3,3,2,13,2,4
46454142,1,1,1,2,18,1,3
37827890,1,3,1,1,58,1,1
37827890,1,3,2,1,22,2,3
37827890,1,3,3,1,18,2,3
30880905,1,3,1,2,58,1,2
30880905,1,3,2,2,48,2,2
30880905,1,3,3,2,18,1,4
34505588,1,1,1,2,53,2,4
57938188,1,3,1,2,48,1,2
57938188,1,3,2,2,48,2,2
57938188,1,3,3,2,13,2,4
10739775,1,2,1,2,43,2,2
10739775,1,2,2,1,21,2,4
77710158,1,3,1,1,58,1,2
77710158,1,3,2,1,58,2,2
77710158,1,3,3,1,28,1,4
79384042,1,2,1,1,52,2,1
79384042,1,2,2,1,23,1,3
41925018,1,1,1,1,28,2,4
95953133,1,4,1,2,53,1,2
95953133,1,4,2,2,58,2,2
95953133,1,4,3,2,23,2,4
95953133,1,4,4,2,23,1,4
41944507,1,1,1,1,65,1,2
60178680,1,2,1,2,43,2,1
60178680,1,2,2,2,13,2,3
53631408,1,4,1,2,63,1,997
53631408,1,4,2,2,58,2,997
53631408,1,4,3,2,28,1,1
53631408,1,4,4,2,3,2,3
59824347,999,9,1,1,55,2,8
59824347,999,9,2,2,47.5,1,8
59824347,999,9,3,2,32.5,1,8
59824347,999,9,4,2,22.5,1,8
59824347,999,9,5,2,47.5,1,8
59824347,999,9,6,2,50,2,8
59824347,999,9,7,2,50,2,9
59824347,999,9,8,2,50,2,9
59824347,999,9,9,2,50,2,997
13019341,1,1,1,1,56,1,1
96350681,1,2,1,1,65,1,1
96350681,1,2,2,1,39,2,999
68362333,1,1,1,2,48,1,1
92885307,1,3,1,2,13,2,4
92885307,1,3,2,2,43,1,2
92885307,1,3,3,2,48,2,2
95443572,1,2,1,2,8,2,3
95443572,1,2,2,2,3,1,3
88871210,1,3,1,2,38,1,1
88871210,1,3,2,2,18,2,997
88871210,1,3,3,2,43,2,997
46523078,1,1,1,2,25,1,3
44598621,1,3,1,2,48,1,1
44598621,1,3,2,2,23,1,3
44598621,1,3,3,1,23,2,3
14066034,1,1,1,1,70,1,1
95569056,1,2,1,1,50,2,2
95569056,1,2,2,1,58,1,2
96442770,1,2,1,1,57,2,1
96442770,1,2,2,1,26,2,3
32396588,1,1,1,2,63,2,2
54970399,1,2,1,2,53,1,1
54970399,1,2,2,2,28,2,999
39674114,1,2,1,2,53,2,1
39674114,1,2,2,2,18,2,3
98429940,1,3,1,2,23,1,4
98429940,1,3,2,2,53,2,2
98429940,1,3,3,2,63,1,2
39854810,1,1,1,1,56,999,1
32879731,1,2,1,1,50,2,1
32879731,1,2,2,1,20,1,3
82618644,1,1,1,1,96,2,2
89609207,1,3,1,2,8,1,3
89609207,1,3,2,2,13,1,3
89609207,1,3,3,2,28,2,997
33403043,1,2,1,2,63,2,2
33403043,1,2,2,2,28,2,997
65326152,1,2,1,2,48,1,2
65326152,1,2,2,2,48,2,2
59199766,1,10,1,1,66,2,1
59199766,1,10,2,1,39,2,3
59199766,1,10,3,1,5,1,6
59199766,1,10,4,2,35,2,997
59199766,1,10,5,1,38,1,997
59199766,1,10,6,1,63,2,4
59199766,1,10,7,1,61,1,4
59199766,1,10,8,1,54,1,4
59199766,1,10,9,1,70,1,4
59199766,1,10,10,1,65,1,997
19963077,1,3,1,2,53,2,2
19963077,1,3,2,2,58,1,2
19963077,1,3,3,2,23,1,4
46089917,1,2,1,1,52,1,1
46089917,1,2,2,1,24,2,3
58163225,1,5,1,1,57,1,2
58163225,1,5,2,1,52,2,2
58163225,1,5,3,1,29,2,4
58163225,1,5,4,1,27,2,4
58163225,1,5,5,1,34,1,1
26937464,1,2,1,1,64,2,1
26937464,1,2,2,1,45,2,999
53035837,1,3,1,2,13,2,4
53035837,1,3,2,2,43,1,2
53035837,1,3,3,2,43,2,2
94899027,1,4,1,2,57.5,2,1
94899027,1,4,2,2,37.5,1,3
94899027,1,4,3,2,27.5,2,997
94899027,1,4,4,2,3,2,6
79740749,1,3,1,1,83,1,2
79740749,1,3,2,1,76,2,2
79740749,1,3,3,1,35,2,997
57555724,1,2,1,2,53,2,2
57555724,1,2,2,2,63,1,2
96476939,1,3,1,2,63,2,2
96476939,1,3,2,2,43,1,4
96476939,1,3,3,2,38,1,4
92507447,1,3,1,1,79,2,2
92507447,1,3,2,2,42.5,2,4
92507447,1,3,3,2,37.5,1,4
48451909,1,1,1,2,48,2,1
37553666,1,2,1,2,63,1,1
37553666,1,2,2,2,33,1,3
85006266,1,3,1,1,5,2,3
85006266,1,3,2,1,37,2,1
85006266,1,3,3,1,77,2,2
66529683,1,3,1,1,42,2,1
66529683,1,3,2,1,21,1,3
66529683,1,3,3,1,19,2,3
72977412,1,5,1,1,70,2,1
72977412,1,5,2,1,40,2,3
72977412,1,5,3,1,55,1,7
72977412,1,5,4,1,61,1,9
72977412,1,5,5,1,20,999,8
37594009,1,2,1,1,45,1,1
37594009,1,2,2,1,12,1,3
24498627,1,3,1,2,18,2,3
24498627,1,3,2,2,23,1,3
24498627,1,3,3,2,53,1,1
21975579,1,1,1,1,24,2,3
77748949,1,3,1,1,55,2,1
77748949,1,3,2,1,27,2,3
77748949,1,3,3,1,22,2,3
72769522,1,3,1,1,68,1,1
72769522,1,3,2,1,36,1,3
72769522,1,3,3,1,35,2,3
85278749,1,2,1,1,55,1,1
85278749,1,2,2,1,22,1,3
56189352,1,3,1,1,2,2,3
56189352,1,3,2,1,40,2,1
56189352,1,3,3,1,31,2,997
80565373,999,3,1,2,63,1,999
80565373,999,3,2,2,48,2,2
80565373,999,3,3,2,18,2,4
92574679,1,3,1,1,46,2,1
92574679,1,3,2,1,17,2,3
92574679,1,3,3,1,20,1,3
35591877,1,3,1,2,43,1,1
35591877,1,3,2,2,13,2,3
35591877,1,3,3,2,13,2,3
93749739,1,4,1,1,52,1,1
93749739,1,4,2,1,25,2,3
93749739,1,4,3,1,24,1,3
93749739,1,4,4,1,20,1,3
30325393,1,1,1,1,8,2,6
10358113,1,3,1,1,65,1,2
10358113,1,3,2,1,64,2,2
10358113,1,3,3,1,28,1,4
71246681,1,2,1,1,55,2,2
71246681,1,2,2,1,57,1,2
68593450,1,2,1,1,47,2,3
68593450,1,2,2,1,26,1,6
42922106,999,1,1,1,65,2,1
92112639,1,2,1,2,48,1,2
92112639,1,2,2,2,48,2,2
80651740,1,2,1,1,58,1,1
80651740,1,2,2,1,24,1,3
69657024,1,2,1,2,38,2,2
69657024,1,2,2,2,23,1,4
42279695,1,2,1,2,55,1,2
42279695,1,2,2,2,55,2,999
91113229,1,4,1,2,33,2,1
91113229,1,4,2,2,8,1,3
91113229,1,4,3,2,3,2,3
91113229,1,4,4,2,43,2,997
70915663,1,3,1,1,45,2,1
70915663,1,3,2,1,10,1,3
70915663,1,3,3,1,39,2,999
40023972,1,1,1,1,29,1,3
83766141,999,1,1,1,64,2,1
35400897,1,3,1,1,0,2,3
35400897,1,3,2,1,35,1,1
35400897,1,3,3,1,60,2,997
15207770,1,2,1,1,78,1,1
15207770,1,2,2,1,40,999,3
49995427,1,2,1,2,43,2,2
49995427,1,2,2,2,63,2,5
50519942,1,3,1,1,40,2,1
50519942,1,3,2,1,15,1,3
50519942,1,3,3,1,9,2,3
26742090,1,1,1,1,81,1,1
43269432,1,3,1,1,55,1,2
43269432,1,3,2,1,55,2,2
43269432,1,3,3,1,23,2,4
13851014,1,1,1,1,57,2,2
10532697,1,2,1,2,43,2,2
10532697,1,2,2,1,20,2,4
33755370,1,4,1,2,43,2,2
33755370,1,4,2,2,48,1,2
33755370,1,4,3,2,18,1,4
33755370,1,4,4,2,23,1,9
41001238,1,2,1,1,29,1,3
41001238,1,2,2,1,29,2,3
92159577,1,3,1,2,43,2,2
92159577,1,3,2,2,43,1,2
92159577,1,3,3,2,13,2,4
85315463,1,6,1,1,48,1,1
85315463,1,6,2,1,17,2,3
85315463,1,6,3,1,7,1,3
85315463,1,6,4,1,50,2,8
85315463,1,6,5,1,43,2,8
85315463,1,6,6,1,36,2,8
74085700,1,3,1,2,33,1,1
74085700,1,3,2,2,8,1,3
74085700,1,3,3,2,3,1,3
74182378,1,1,1,1,44,2,1
98126978,1,2,1,2,58,1,2
98126978,1,2,2,2,53,2,2
91549678,1,3,1,1,2,2,4
91549678,1,3,2,1,38,2,2
91549678,1,3,3,1,38,2,2
32951691,1,3,1,2,43,2,1
32951691,1,3,2,2,13,2,3
32951691,1,3,3,2,13,1,3
55774986,1,1,1,1,70,1,1
56299382,999,10,1,1,69,1,1
56299382,999,10,2,1,60,2,997
56299382,999,10,3,1,55,2,997
56299382,999,10,4,1,52,2,997
56299382,999,10,5,1,65,2,997
56299382,999,10,6,1,45,2,997
56299382,999,10,7,1,45,2,999
56299382,999,10,8,1,48,2,997
56299382,999,10,9,1,50,2,997
56299382,999,10,10,1,42,2,997
61711545,1,1,1,2,53,1,1
32596110,1,5,1,1,42,1,1
32596110,1,5,2,1,6,2,3
32596110,1,5,3,1,17,2,3
32596110,1,5,4,1,74,2,997
32596110,1,5,5,1,74,1,997
50042587,1,3,1,1,49,1,1
50042587,1,3,2,1,10,1,3
50042587,1,3,3,1,4,2,3
77355737,1,1,1,2,48,1,1
62132019,1,3,1,1,49,1,1
62132019,1,3,2,1,8,1,3
62132019,1,3,3,1,6,1,3
66856327,1,1,1,1,42,2,1
76250789,1,3,1,1,86,2,2
76250789,1,3,2,1,60,1,4
76250789,1,3,3,1,38,2,999
23764485,1,3,1,2,48,1,2
23764485,1,3,2,2,48,2,2
23764485,1,3,3,2,23,1,4
57065386,1,2,1,2,23,1,3
57065386,1,2,2,2,63,2,2
81170956,1,2,1,1,51,2,1
81170956,1,2,2,1,27,2,3
59783280,1,2,1,2,58,2,2
59783280,1,2,2,2,63,1,2
84835192,1,2,1,1,58,2,1
84835192,1,2,2,1,30,1,3
48245576,1,5,1,2,13,1,4
48245576,1,5,2,2,43,2,2
48245576,1,5,3,2,48,1,2
48245576,1,5,4,2,63,2,5
48245576,1,5,5,2,23,2,999
43803510,1,3,1,1,65,1,1
43803510,1,3,2,1,18,2,3
43803510,1,3,3,1,16,2,3
96783978,1,1,1,2,48,2,999
90754638,1,2,1,1,42,1,3
90754638,1,2,2,1,33,2,6
16870246,1,1,1,2,58,2,1
42379809,1,3,1,2,48,2,2
42379809,1,3,2,2,13,2,8
42379809,1,3,3,2,18,2,4
61780253,1,3,1,1,42,999,1
61780253,1,3,2,1,12,999,3
61780253,1,3,3,1,8,999,3
81188111,1,2,1,2,63,1,2
81188111,1,2,2,2,63,2,2
84240327,1,1,1,2,43,1,1
75802190,1,4,1,2,63,2,2
75802190,1,4,2,2,58,1,2
75802190,1,4,3,2,38,1,1
75802190,1,4,4,2,3,1,3
22148144,1,4,1,2,43,2,1
22148144,1,4,2,2,13,1,3
22148144,1,4,3,2,13,1,3
22148144,1,4,4,2,13,1,3
75974112,1,1,1,1,59,1,1
43878748,1,2,1,2,52.5,2,2
43878748,1,2,2,2,53,1,2
99898669,1,3,1,2,48,2,2
99898669,1,3,2,2,53,1,2
99898669,1,3,3,2,18,1,4
45244375,1,3,1,2,43,2,1
45244375,1,3,2,1,19,2,3
45244375,1,3,3,2,16,1,3
34262441,999,1,1,2,63,1,2
60638652,1,1,1,1,55,2,2
52252915,1,2,1,1,33,2,3
52252915,1,2,2,1,38,1,997
88325559,1,3,1,2,13,2,3
88325559,1,3,2,2,43,1,1
88325559,1,3,3,2,13,1,3
93861947,1,4,1,2,38,1,3
93861947,1,4,2,2,33,2,997
93861947,1,4,3,2,13,1,6
93861947,1,4,4,2,13,2,6
65669222,1,4,1,1,3,1,3
65669222,1,4,2,1,31,2,1
65669222,1,4,3,1,28,1,4
65669222,1,4,4,1,42,2,997
50074653,1,3,1,1,38,2,1
50074653,1,3,2,1,15,1,3
50074653,1,3,3,1,6,2,3
96129125,1,3,1,1,93,1,1
96129125,1,3,2,1,56,2,3
96129125,1,3,3,1,20,2,6
69686269,1,4,1,2,33,2,1
69686269,1,4,2,2,8,2,3
69686269,1,4,3,2,8,2,3
69686269,1,4,4,2,33,2,997
51480006,1,3,1,2,58,1,2
51480006,1,3,2,2,58,2,2
51480006,1,3,3,2,18,2,4
77400450,1,3,1,2,18,1,3
77400450,1,3,2,2,13,1,3
77400450,1,3,3,2,48,1,1
34840824,1,3,1,2,43,1,2
34840824,1,3,2,2,43,2,2
34840824,1,3,3,2,13,1,4
61277462,1,2,1,1,53,2,1
61277462,1,2,2,1,22,1,3
16030864,1,2,1,2,58,1,5
16030864,1,2,2,1,63,2,5
80692557,1,3,1,2,48,1,1
80692557,1,3,2,2,18,1,3
80692557,1,3,3,2,13,2,3
42252204,1,3,1,1,42,1,1
42252204,1,3,2,1,10,1,3
42252204,1,3,3,1,7,2,3
79510513,1,3,1,2,13,2,4
79510513,1,3,2,2,43,2,2
79510513,1,3,3,2,53,1,2
36996736,999,3,1,1,65,2,1
36996736,999,3,2,1,31,2,3
36996736,999,3,3,1,30,1,3
44255633,1,2,1,2,63,1,2
44255633,1,2,2,2,63,2,2
63322807,1,1,1,1,86,1,1
97353068,1,2,1,1,83,1,5
97353068,1,2,2,1,43,2,2
65971613,1,1,1,2,48,1,1
67780617,1,1,1,1,35,1,3
90340922,1,2,1,1,65,2,1
90340922,1,2,2,1,22,2,6
47405812,1,4,1,2,48,2,2
47405812,1,4,2,1,24,2,4
47405812,1,4,3,1,22,2,4
47405812,1,4,4,1,20,1,4
21493813,1,1,1,1,65,2,1
25993392,1,2,1,1,48,2,1
25993392,1,2,2,1,19,1,3
39048243,1,2,1,1,64,1,1
39048243,1,2,2,1,93,1,2
99569871,1,3,1,2,53,2,2
99569871,1,3,2,2,53,1,2
99569871,1,3,3,2,13,2,4
11772427,1,3,1,2,28,1,2
11772427,1,3,2,2,28,2,2
11772427,1,3,3,2,28,2,999
63008192,1,3,1,1,21,2,4
63008192,1,3,2,1,52,2,2
63008192,1,3,3,1,53,1,2
96990501,1,2,1,1,52,2,1
96990501,1,2,2,1,22,1,3
29061212,1,2,1,2,58,1,2
29061212,1,2,2,2,58,2,2
71179205,1,3,1,2,23,2,4
71179205,1,3,2,2,53,2,2
71179205,1,3,3,2,58,1,2
80433299,1,3,1,2,43,2,2
80433299,1,3,2,2,13,2,4
80433299,1,3,3,2,13,2,4
42281271,1,3,1,1,51,1,1
42281271,1,3,2,1,24,2,3
42281271,1,3,3,1,18,2,3
62675382,1,3,1,2,33,1,1
62675382,1,3,2,2,8,2,3
62675382,1,3,3,2,3,2,3
15392694,1,1,1,2,18,1,3
41863876,1,3,1,2,38,1,2
41863876,1,3,2,2,38,2,2
41863876,1,3,3,2,8,1,4
80014822,1,2,1,1,32,2,1
80014822,1,2,2,1,0,1,3
70840470,1,1,1,1,60,2,2
32332436,1,3,1,1,65,2,2
32332436,1,3,2,1,61,1,2
32332436,1,3,3,1,37,1,4
61743700,1,3,1,1,66,1,1
61743700,1,3,2,1,26,2,3
61743700,1,3,3,1,57,2,999
32308292,1,1,1,1,86,2,2
60944735,1,1,1,2,58,2,2
30242809,1,3,1,2,43,1,2
30242809,1,3,2,2,43,2,2
30242809,1,3,3,2,18,1,4
89306456,1,4,1,1,58,1,5
89306456,1,4,2,1,34,1,2
89306456,1,4,3,1,34,2,2
89306456,1,4,4,1,29,2,997
71525487,1,2,1,1,63,1,2
71525487,1,2,2,1,53,2,2
11006409,1,2,1,2,48,1,1
11006409,1,2,2,2,13,1,3
98088766,1,1,1,999,9001,999,999
75774827,1,3,1,1,18,1,4
75774827,1,3,2,2,58,1,2
75774827,1,3,3,2,43,2,2
10822794,1,2,1,1,71,1,1
10822794,1,2,2,1,40,1,3
50895211,1,4,1,2,43,2,2
50895211,1,4,2,2,48,1,2
50895211,1,4,3,2,63,2,5
50895211,1,4,4,2,33,2,997
13862807,1,3,1,2,48,1,2
13862807,1,3,2,2,38,2,2
13862807,1,3,3,2,18,1,4
83550791,1,3,1,1,76,1,1
83550791,1,3,2,2,38,2,3
83550791,1,3,3,2,28,2,3
24445376,1,5,1,1,95,2,2
24445376,1,5,2,1,55,2,5
24445376,1,5,3,1,48,2,1
24445376,1,5,4,1,20,2,3
24445376,1,5,5,1,14,1,3
15172510,1,1,1,1,33,2,1
18343372,1,4,1,1,49,1,1
18343372,1,4,2,1,14,2,3
18343372,1,4,3,1,11,2,3
18343372,1,4,4,1,70,1,2
21070328,1,2,1,1,84,1,2
21070328,1,2,2,1,80,2,2
55349938,1,5,1,2,23,2,4
55349938,1,5,2,2,23,2,4
55349938,1,5,3,2,53,2,2
55349938,1,5,4,2,53,1,2
55349938,1,5,5,2,58,2,997
25593841,1,2,1,2,63,2,2
25593841,1,2,2,1,32,2,9
45580481,1,3,1,2,53,1,2
45580481,1,3,2,2,33,2,2
45580481,1,3,3,2,13,2,7
54263537,1,2,1,2,13,2,3
54263537,1,2,2,2,43,1,1
80052567,1,3,1,2,18,2,4
80052567,1,3,2,2,48,2,2
80052567,1,3,3,2,53,1,2
85581222,1,4,1,1,4,1,3
85581222,1,4,2,1,6,2,3
85581222,1,4,3,1,38,1,1
85581222,1,4,4,1,61,2,2
81491276,1,3,1,1,43,1,2
81491276,1,3,2,1,41,2,2
81491276,1,3,3,1,13,1,4
78394560,1,1,1,1,70,999,1
61487886,1,1,1,1,65,2,1
56633857,1,5,1,2,38,1,2
56633857,1,5,2,2,38,2,2
56633857,1,5,3,2,13,2,4
56633857,1,5,4,2,63,1,5
56633857,1,5,5,2,63,2,5
65894683,1,3,1,2,58,2,2
65894683,1,3,2,2,3,2,997
65894683,1,3,3,2,28,1,4
92900359,1,1,1,2,33,2,1
92644180,1,2,1,1,86,2,997
92644180,1,2,2,1,44,2,997
53976593,1,2,1,1,64,2,2
53976593,1,2,2,1,74,1,2
47327306,1,2,1,1,79,2,2
47327306,1,2,2,1,51,1,4
23007476,1,4,1,2,58,1,2
23007476,1,4,2,2,53,2,2
23007476,1,4,3,2,13,2,4
23007476,1,4,4,2,13,1,4
50513512,3,1,1,1,55,1,1
71412551,1,3,1,1,14,2,3
71412551,1,3,2,1,36,2,1
71412551,1,3,3,1,47,999,1
36215849,1,2,1,1,25,2,3
36215849,1,2,2,1,20,1,3
44867745,1,3,1,2,33,2,1
44867745,1,3,2,2,13,1,3
44867745,1,3,3,2,8,2,3
28096802,1,1,1,2,43,2,2
53475379,1,4,1,1,48,1,2
53475379,1,4,2,1,48,2,2
53475379,1,4,3,1,18,2,4
53475379,1,4,4,1,12,1,4
38409554,1,1,1,2,34.5,2,3
85601735,1,2,1,1,65,1,4
85601735,1,2,2,1,34,999,997
94649167,1,3,1,2,38,1,1
94649167,1,3,2,1,4,1,3
94649167,1,3,3,1,1,2,3
25281029,1,1,1,1,63,1,1
14703807,1,3,1,2,58,1,2
14703807,1,3,2,2,58,2,2
14703807,1,3,3,2,23,1,999
59741633,1,3,1,2,48,1,2
59741633,1,3,2,2,48,2,2
59741633,1,3,3,2,13,2,4
66044096,1,1,1,1,83,1,5
42793015,1,5,1,1,30,2,1
42793015,1,5,2,1,62,2,2
42793015,1,5,3,1,3,1,3
42793015,1,5,4,1,0,999,3
42793015,1,5,5,1,30,1,4
17429347,1,3,1,1,2,2,3
17429347,1,3,2,1,31,2,1
17429347,1,3,3,1,2,2,999
12464494,1,2,1,2,58,1,2
12464494,1,2,2,2,58,2,2
50738539,1,3,1,1,63,1,1
50738539,1,3,2,1,30,2,3
50738539,1,3,3,1,28,1,3
52644438,1,2,1,1,42,2,1
52644438,1,2,2,2,38,2,997
27041623,1,1,1,1,79,999,1
98546700,1,1,1,2,53,2,4
59460120,1,2,1,1,53,2,2
59460120,1,2,2,1,54,1,2
62754155,1,3,1,2,28,1,1
62754155,1,3,2,2,8,1,3
62754155,1,3,3,2,3,2,3
68140325,1,2,1,2,53,2,2
68140325,1,2,2,2,28,2,4
55327162,1,2,1,1,9,1,3
55327162,1,2,2,1,75,2,997
50883182,999,2,1,1,74,2,1
50883182,999,2,2,1,42,2,999
73855016,1,2,1,2,13,2,3
73855016,1,2,2,2,48,2,1
46978852,1,5,1,1,28,2,1
46978852,1,5,2,1,2,1,3
46978852,1,5,3,1,0,2,3
46978852,1,5,4,1,82,1,2
46978852,1,5,5,1,70,2,2
35715759,1,2,1,1,5,2,3
35715759,1,2,2,1,5,2,3
42706748,1,3,1,1,56,1,1
42706748,1,3,2,1,24,1,3
42706748,1,3,3,1,20,1,3
13884579,1,3,1,1,75,2,1
13884579,1,3,2,1,12,2,6
13884579,1,3,3,1,50,2,3
53811246,1,2,1,1,85,1,1
53811246,1,2,2,2,32.5,2,997
61536246,1,2,1,1,80,1,2
61536246,1,2,2,1,70,2,2
77319220,1,3,1,2,48,1,2
77319220,1,3,2,2,48,2,2
77319220,1,3,3,2,18,1,4
73959330,1,1,1,2,48,2,1
39045439,1,4,1,1,34,2,2
39045439,1,4,2,1,33,1,2
39045439,1,4,3,1,36,2,997
39045439,1,4,4,1,5,2,4
54470030,1,3,1,1,32,2,3
54470030,1,3,2,1,22,2,3
54470030,1,3,3,1,22,2,3
87001881,1,3,1,1,66,1,1
87001881,1,3,2,1,36,1,3
87001881,1,3,3,1,38,2,997
36326162,1,4,1,2,54,1,2
36326162,1,4,2,2,54,2,2
36326162,1,4,3,1,25,1,4
36326162,1,4,4,1,24,2,9
54378468,1,2,1,2,53,1,2
54378468,1,2,2,2,48,2,2
47344771,1,1,1,2,48,2,1
49051874,1,3,1,2,48,1,2
49051874,1,3,2,2,43,2,2
49051874,1,3,3,2,13,2,4
69129801,1,2,1,1,56,2,1
69129801,1,2,2,1,29,1,3
94169942,1,3,1,1,91,2,2
94169942,1,3,2,1,53,2,1
94169942,1,3,3,2,58,2,4
11417589,3,2,1,2,43,1,1
11417589,3,2,2,1,16,1,3
11319336,1,4,1,1,45,1,2
11319336,1,4,2,1,41,2,2
11319336,1,4,3,1,15,1,4
11319336,1,4,4,1,27,2,997
88413265,1,2,1,2,23,2,4
88413265,1,2,2,2,48,2,2
89788386,1,5,1,1,56,1,1
89788386,1,5,2,1,28,2,3
89788386,1,5,3,1,25,2,3
89788386,1,5,4,1,23,1,3
89788386,1,5,5,1,84,2,2
61983185,1,2,1,1,10,1,4
61983185,1,2,2,1,20,2,4
12628960,1,4,1,1,50,2,1
12628960,1,4,2,1,20,1,3
12628960,1,4,3,1,17,2,3
12628960,1,4,4,1,90,2,2
90311026,1,3,1,1,70,1,1
90311026,1,3,2,1,22,2,3
90311026,1,3,3,1,29,2,3
89202614,999,10,1,1,28,2,3
89202614,999,10,2,1,34,1,3
89202614,999,10,3,1,3,1,6
89202614,999,10,4,1,5,1,6
89202614,999,10,5,1,7,1,6
89202614,999,10,6,1,94,2,5
89202614,999,10,7,1,50,2,4
89202614,999,10,8,1,32,2,4
89202614,999,10,9,1,45,2,4
89202614,999,10,10,1,51,1,4
26075094,1,1,1,1,58,2,1
90714870,1,2,1,2,33,1,1
90714870,1,2,2,1,10,2,3
12394988,1,3,1,1,44,2,1
12394988,1,3,2,1,24,2,3
12394988,1,3,3,1,21,1,3
71872234,999,2,1,1,38,1,3
71872234,999,2,2,1,35,1,3
97782776,1,2,1,1,53,1,1
97782776,1,2,2,1,18,1,3
16387639,1,3,1,2,13,1,4
16387639,1,3,2,2,48,1,2
16387639,1,3,3,2,38,2,2
15601792,1,3,1,2,48,1,2
15601792,1,3,2,2,48,2,2
15601792,1,3,3,2,18,2,4
73335815,1,2,1,1,58,2,1
73335815,1,2,2,1,29,2,3
44169120,1,4,1,1,86,2,2
44169120,1,4,2,1,47,2,1
44169120,1,4,3,1,18,1,3
44169120,1,4,4,1,13,2,3
58408751,1,3,1,2,53,1,2
58408751,1,3,2,2,53,2,2
58408751,1,3,3,2,23,1,4
92606367,1,1,1,1,46,1,3
49924420,1,3,1,2,48,2,2
49924420,1,3,2,2,58,1,2
49924420,1,3,3,2,18,1,4
39360542,1,2,1,1,81,2,2
39360542,1,2,2,1,38,2,999
40362114,1,3,1,2,38,1,1
40362114,1,3,2,2,13,1,3
40362114,1,3,3,2,8,1,3
93954677,1,1,1,1,29,999,997
59400976,1,3,1,1,40,1,2
59400976,1,3,2,1,38,2,2
59400976,1,3,3,1,66,2,5
82315826,1,2,1,2,53,2,2
82315826,1,2,2,2,38,2,4
40254546,1,3,1,1,88,2,2
40254546,1,3,2,1,49,2,3
40254546,1,3,3,1,28,2,3
23718206,1,3,1,2,48,1,2
23718206,1,3,2,2,38,2,2
23718206,1,3,3,1,8,1,4
87898918,1,2,1,1,65,1,1
87898918,1,2,2,1,28,1,3
99454600,1,5,1,2,13,2,4
99454600,1,5,2,2,13,1,4
99454600,1,5,3,2,18,2,4
99454600,1,5,4,2,33,2,2
99454600,1,5,5,2,33,1,2
17004422,1,3,1,1,61,2,2
17004422,1,3,2,1,40,1,4
17004422,1,3,3,1,88,1,5
24024711,1,2,1,1,56,1,1
24024711,1,2,2,1,19,2,3
71985549,1,1,1,1,81,2,1
88683659,1,4,1,2,8,1,3
88683659,1,4,2,2,13,2,3
88683659,1,4,3,2,13,2,3
88683659,1,4,4,2,38,2,1
19470267,1,3,1,1,58,1,1
19470267,1,3,2,1,29,1,3
19470267,1,3,3,1,1.5,2,999
26015614,1,3,1,1,60,2,1
26015614,1,3,2,1,27,2,3
26015614,1,3,3,1,25,1,3
18520203,1,2,1,1,59,2,1
18520203,1,2,2,1,36,1,3
38905939,1,6,1,1,60,2,1
38905939,1,6,2,1,34,1,3
38905939,1,6,3,1,34,2,997
38905939,1,6,4,1,5,1,6
38905939,1,6,5,1,2,1,6
38905939,1,6,6,1,61,2,997
61418435,1,3,1,1,64,2,1
61418435,1,3,2,1,31,1,3
61418435,1,3,3,1,17,1,6
56303770,1,3,1,1,49,2,2
56303770,1,3,2,1,19,2,4
56303770,1,3,3,1,13,1,4
58577813,1,1,1,1,79,1,1
41829570,1,3,1,2,48,2,2
41829570,1,3,2,2,48,1,2
41829570,1,3,3,2,23,2,4
78096234,1,5,1,2,3,2,3
78096234,1,5,2,2,3,2,3
78096234,1,5,3,2,58,1,997
78096234,1,5,4,2,58,1,997
78096234,1,5,5,2,28,1,1
57300101,1,3,1,1,38,1,2
57300101,1,3,2,1,36,2,2
57300101,1,3,3,1,11,2,4
43844651,1,3,1,1,56,1,2
43844651,1,3,2,1,48,2,2
43844651,1,3,3,1,21,2,4
83914388,1,4,1,1,33,2,1
83914388,1,4,2,1,49,2,2
83914388,1,4,3,1,55,1,2
83914388,1,4,4,1,0,2,3
17890548,1,2,1,1,79,1,2
17890548,1,2,2,1,79,999,2
29664099,1,3,1,1,45,2,1
29664099,1,3,2,1,13,2,3
29664099,1,3,3,1,9,2,3
14558526,1,5,1,1,39,2,2
14558526,1,5,2,1,41,1,2
14558526,1,5,3,1,16,1,4
14558526,1,5,4,1,71,2,5
14558526,1,5,5,1,78,1,5
19369265,1,5,1,2,43,1,1
19369265,1,5,2,2,63,2,2
19369265,1,5,3,2,23,2,997
19369265,1,5,4,2,23,2,997
19369265,1,5,5,2,13,1,3
88542764,1,5,1,2,63,2,2
88542764,1,5,2,2,48,1,1
88542764,1,5,3,2,13,2,3
88542764,1,5,4,2,8,1,3
88542764,1,5,5,2,23,2,997
83079913,1,2,1,2,53,1,1
83079913,1,2,2,2,43,2,999
66883812,1,2,1,2,63,1,2
66883812,1,2,2,2,63,2,2
44160407,1,3,1,2,53,2,2
44160407,1,3,2,2,18,1,4
44160407,1,3,3,2,43,2,2
99426284,1,2,1,2,43,1,2
99426284,1,2,2,2,43,2,2
36741410,1,1,1,1,31,1,1
12066136,1,1,1,2,33,2,1
56268855,1,3,1,2,27.5,2,3
56268855,1,3,2,2,57.5,2,2
56268855,1,3,3,2,27.5,1,3
71790170,1,2,1,2,33,1,3
71790170,1,2,2,2,18,2,3
56725452,1,2,1,2,28,1,1
56725452,1,2,2,2,48,2,2
65888368,1,1,1,1,38,2,997
27076603,1,2,1,1,40,1,3
27076603,1,2,2,1,15,1,6
78754706,1,2,1,1,59,2,2
78754706,1,2,2,1,22,1,4
21572472,1,3,1,2,13,1,3
21572472,1,3,2,2,18,1,3
21572472,1,3,3,2,53,1,1
70840745,1,2,1,1,88,2,2
70840745,1,2,2,1,43,2,997
13750943,1,1,1,1,60,1,1
84786896,1,1,1,1,70,2,1
94444357,1,5,1,1,7,2,4
94444357,1,5,2,1,48,1,2
94444357,1,5,3,1,46,2,2
94444357,1,5,4,2,63,2,5
94444357,1,5,5,2,38,2,999
29184906,1,3,1,2,33,1,1
29184906,1,3,2,2,3,1,3
29184906,1,3,3,2,3,2,3
51688983,1,4,1,1,44,1,1
51688983,1,4,2,1,17,1,3
51688983,1,4,3,1,13,1,3
51688983,1,4,4,1,11,1,3
63866678,1,1,1,2,48,2,1
95291836,1,3,1,2,53,1,1
95291836,1,3,2,2,23,2,3
95291836,1,3,3,2,18,2,3
55816958,1,1,1,1,68,1,1
90000869,1,2,1,2,23,2,2
90000869,1,2,2,2,28,1,2
61051981,1,3,1,1,3,1,3
61051981,1,3,2,1,40,1,1
61051981,1,3,3,1,31,2,997
51267470,1,3,1,2,70,1,3
51267470,1,3,2,2,70,1,997
51267470,1,3,3,2,63,2,997
28653088,1,3,1,1,32,1,4
28653088,1,3,2,1,56,2,2
28653088,1,3,3,1,79,2,5
16420388,1,4,1,1,58,2,1
16420388,1,4,2,1,30,1,3
16420388,1,4,3,1,28,2,3
16420388,1,4,4,1,90,2,2
79557575,1,1,1,1,28,1,3
28028420,1,4,1,2,13,2,4
28028420,1,4,2,2,23,2,4
28028420,1,4,3,2,48,2,2
28028420,1,4,4,2,48,1,2
69062339,1,1,1,1,86,2,2
18723147,1,7,1,2,8,1,3
18723147,1,7,2,2,13,2,3
18723147,1,7,3,2,13,2,3
18723147,1,7,4,2,13,2,3
18723147,1,7,5,2,43,2,1
18723147,1,7,6,2,23,2,999
18723147,1,7,7,2,23,2,999
62637506,1,2,1,2,53,2,2
62637506,1,2,2,2,63,1,2
17521021,1,3,1,1,40,2,3
17521021,1,3,2,1,3,1,6
17521021,1,3,3,1,45,999,999
87588690,1,3,1,2,53,1,2
87588690,1,3,2,2,43,2,2
87588690,1,3,3,2,13,2,7
80080199,1,4,1,1,61,1,1
80080199,1,4,2,1,31,2,3
80080199,1,4,3,1,24,2,3
80080199,1,4,4,1,19,2,3
46626598,1,7,1,1,79,2,1
46626598,1,7,2,1,19,2,6
46626598,1,7,3,1,50,1,3
46626598,1,7,4,1,48,1,3
46626598,1,7,5,1,23,2,6
46626598,1,7,6,1,15,2,6
46626598,1,7,7,1,16,2,6
34711388,1,4,1,2,48,1,1
34711388,1,4,2,2,13,1,3
34711388,1,4,3,2,8,1,3
34711388,1,4,4,2,23,2,997
55787046,1,3,1,1,18,2,997
55787046,1,3,2,2,38,2,2
55787046,1,3,3,2,48,1,2
69373872,1,3,1,1,12,2,3
69373872,1,3,2,1,40,2,1
69373872,1,3,3,1,33,999,997
76281183,1,4,1,1,65,1,1
76281183,1,4,2,1,33,2,3
76281183,1,4,3,1,34,1,3
76281183,1,4,4,1,2,2,6
82408233,1,4,1,2,38,2,4
82408233,1,4,2,2,58,2,2
82408233,1,4,3,2,63,1,2
82408233,1,4,4,2,28,1,8
34177785,1,3,1,1,38,1,1
34177785,1,3,2,1,43,2,997
34177785,1,3,3,1,1,1,3
39635444,1,3,1,2,28,2,1
39635444,1,3,2,2,3,2,3
39635444,1,3,3,2,28,2,999
79726647,1,3,1,2,35,2,3
79726647,1,3,2,2,32.5,2,999
79726647,1,3,3,1,5,1,6
72078799,1,4,1,2,13,2,997
72078799,1,4,2,2,63,2,2
72078799,1,4,3,2,63,1,997
72078799,1,4,4,2,43,1,4
71960333,1,3,1,2,48,1,2
71960333,1,3,2,2,43,2,2
71960333,1,3,3,2,33,2,997
76052461,1,3,1,2,53,1,2
76052461,1,3,2,2,53,2,2
76052461,1,3,3,2,23,2,4
24809664,1,5,1,1,26,2,4
24809664,1,5,2,1,23,1,4
24809664,1,5,3,1,22,2,4
24809664,1,5,4,1,50,2,2
24809664,1,5,5,1,60,1,2
31489875,1,2,1,2,63,1,1
31489875,1,2,2,2,34.5,2,3
30040475,1,2,1,2,48,1,2
30040475,1,2,2,2,48,2,2
95195460,1,1,1,1,68,2,1
71542602,1,3,1,2,38,2,1
71542602,1,3,2,2,8,1,3
71542602,1,3,3,2,13,2,3
44463645,999,2,1,2,18,2,999
44463645,999,2,2,2,43,2,999
78151694,1,1,1,2,32.5,1,3
13444125,1,3,1,1,32,2,4
13444125,1,3,2,1,64,1,2
13444125,1,3,3,1,64,2,2
42642039,1,1,1,1,80,1,1
72708443,1,1,1,2,48,2,2
21228817,1,3,1,1,1,2,997
21228817,1,3,2,1,2,2,997
21228817,1,3,3,1,4,1,997
89181039,1,2,1,2,48,2,2
89181039,1,2,2,2,18,1,4
70346530,1,2,1,2,63,2,2
70346530,1,2,2,2,23,1,3
75083808,1,2,1,2,58,1,1
75083808,1,2,2,2,23,999,3
16192203,1,2,1,1,37,1,3
16192203,1,2,2,1,38,2,3
51580764,1,2,1,2,33,2,1
51580764,1,2,2,1,1,2,3
72126980,1,1,1,1,38,2,3
31937300,1,3,1,1,21,2,4
31937300,1,3,2,2,38,2,2
31937300,1,3,3,2,43,1,2
35266739,1,1,1,2,48,2,997
19633207,1,3,1,1,57,1,2
19633207,1,3,2,1,47,2,2
19633207,1,3,3,1,15,1,4
71798424,1,1,1,1,65,2,1
78845538,1,2,1,1,56,1,1
78845538,1,2,2,1,23,2,3
80797993,1,1,1,1,77,1,1
93127690,1,3,1,1,82,1,2
93127690,1,3,2,1,65,2,2
93127690,1,3,3,1,35,2,4
85430619,1,3,1,2,33,1,2
85430619,1,3,2,2,28,2,2
85430619,1,3,3,2,23,2,997
11256889,1,3,1,2,48,1,2
11256889,1,3,2,2,43,2,2
11256889,1,3,3,2,18,1,4
68000530,1,2,1,2,48,1,2
68000530,1,2,2,2,53,2,2
76066410,1,4,1,2,48,1,1
76066410,1,4,2,2,18,2,3
76066410,1,4,3,2,13,2,3
76066410,1,4,4,2,33,2,997
82344245,1,7,1,1,58,2,999
82344245,1,7,2,1,30,1,3
82344245,1,7,3,1,25,1,3
82344245,1,7,4,1,39,2,9
82344245,1,7,5,1,60,1,9
82344245,1,7,6,1,65,1,9
82344245,1,7,7,1,62,2,9
12689003,1,4,1,1,75,1,5
12689003,1,4,2,1,70,2,5
12689003,1,4,3,1,49,1,2
12689003,1,4,4,1,36,2,2
30549698,1,1,1,1,62,2,1
11837502,1,3,1,1,66,999,1
11837502,1,3,2,1,32,1,3
11837502,1,3,3,1,36,2,3
70710924,1,1,1,2,23,2,997
13949447,1,4,1,1,18,2,4
13949447,1,4,2,1,20,2,4
13949447,1,4,3,1,49,2,2
13949447,1,4,4,1,59,1,2
34821983,1,3,1,1,55,1,1
34821983,1,3,2,1,27,1,3
34821983,1,3,3,1,23,2,3
28241619,999,1,1,1,67,2,1
46838614,1,1,1,1,64,2,1
85232112,1,2,1,2,8,999,3
85232112,1,2,2,2,38,999,1
15806456,1,1,1,1,65,1,1
56107256,1,3,1,1,56,1,2
56107256,1,3,2,1,56,2,2
56107256,1,3,3,1,15,1,4
93580543,1,1,1,1,41,2,3
20708861,1,1,1,2,28,2,1
36292798,1,2,1,1,83,1,2
36292798,1,2,2,1,83,2,2
65126455,1,3,1,1,42,2,1
65126455,1,3,2,1,15,2,3
65126455,1,3,3,1,10,1,3
88500643,1,4,1,1,3,2,3
88500643,1,4,2,1,5,2,3
88500643,1,4,3,2,63,2,2
88500643,1,4,4,2,28,1,1
81318554,1,4,1,2,33,1,2
81318554,1,4,2,2,33,2,2
81318554,1,4,3,2,8,2,4
81318554,1,4,4,2,3,1,4
17897806,1,1,1,1,64,2,1
58971485,1,3,1,2,48,2,2
58971485,1,3,2,2,53,1,2
58971485,1,3,3,2,18,1,4
15751629,1,2,1,2,43,2,2
15751629,1,2,2,1,18,1,4
96472017,1,2,1,2,38,2,2
96472017,1,2,2,2,58,1,2
28574438,1,3,1,1,75,2,2
28574438,1,3,2,1,38,2,1
28574438,1,3,3,1,8,1,3
55646506,2,1,1,1,69,1,1
46269850,1,1,1,2,28,2,1
35905977,1,3,1,1,60,2,1
35905977,1,3,2,1,34,2,3
35905977,1,3,3,1,31,1,3
31244464,1,2,1,1,39,999,3
31244464,1,2,2,1,19,999,6
48583070,1,2,1,2,43,2,2
48583070,1,2,2,2,63,1,2
81336290,1,2,1,1,5,1,3
81336290,1,2,2,1,35,2,1
69484780,1,3,1,2,53,1,2
69484780,1,3,2,2,48,2,2
69484780,1,3,3,2,23,2,4
79834335,1,2,1,2,58,1,1
79834335,1,2,2,2,23,1,3
18380719,1,4,1,2,38,2,997
18380719,1,4,2,2,3,2,3
18380719,1,4,3,2,8,1,3
18380719,1,4,4,2,38,1,1
95096411,1,4,1,2,38,2,2
95096411,1,4,2,2,43,1,2
95096411,1,4,3,2,13,1,4
95096411,1,4,4,2,13,1,4
88869875,1,1,1,1,75,1,1
93903925,1,4,1,1,53,1,1
93903925,1,4,2,1,25,2,3
93903925,1,4,3,1,28,1,3
93903925,1,4,4,1,18,2,3
83498309,1,2,1,1,12,1,3
83498309,1,2,2,2,43,2,1
33101941,1,2,1,1,62,1,1
33101941,1,2,2,1,29,1,3
85414106,1,3,1,2,8,1,3
85414106,1,3,2,2,38,1,1
85414106,1,3,3,2,63,2,2
49059689,1,1,1,2,28,1,1
68755928,1,2,1,2,53,1,1
68755928,1,2,2,1,17,1,3
48021733,1,2,1,1,67,1,2
48021733,1,2,2,1,63,2,2
12037142,1,2,1,1,65,1,1
12037142,1,2,2,1,34,1,3
56317255,1,3,1,1,54,2,1
56317255,1,3,2,1,24,1,3
56317255,1,3,3,1,22,1,3
43862142,1,2,1,1,0,1,2
43862142,1,2,2,1,0,2,2
35572467,1,2,1,2,53,1,1
35572467,1,2,2,2,23,1,3
64914252,1,1,1,2,63,2,2
98611393,1,3,1,1,52,2,1
98611393,1,3,2,1,23,2,3
98611393,1,3,3,1,19,1,3
61193493,1,4,1,2,48,1,1
61193493,1,4,2,2,63,2,2
61193493,1,4,3,2,8,1,3
61193493,1,4,4,2,48,2,997
93916891,1,3,1,1,47,2,1
93916891,1,3,2,1,18,2,3
93916891,1,3,3,1,20,999,3
45293310,1,2,1,1,64,1,2
45293310,1,2,2,1,62,2,2
14847207,1,3,1,2,43,1,1
14847207,1,3,2,2,8,1,3
14847207,1,3,3,2,3,2,3
49249560,1,1,1,1,49,999,1
62135461,1,3,1,1,21,1,4
62135461,1,3,2,2,38,2,2
62135461,1,3,3,1,18,1,7
92618191,1,1,1,1,60,2,1
90291648,1,1,1,2,43,1,1
84252995,1,1,1,1,62,2,1
73016379,1,1,1,1,75,2,5
99116042,1,3,1,1,63,1,1
99116042,1,3,2,1,88,2,2
99116042,1,3,3,1,18,2,3
13643403,999,1,1,1,65,2,1
10495813,1,3,1,2,48,2,2
10495813,1,3,2,2,48,1,2
10495813,1,3,3,1,18,2,4
34627653,1,2,1,2,53,2,2
34627653,1,2,2,2,53,1,2
72459175,1,1,1,1,51,2,1
78745890,1,3,1,1,53,1,1
78745890,1,3,2,1,28,1,3
78745890,1,3,3,1,26,1,3
98326524,1,3,1,1,15,1,3
98326524,1,3,2,1,13,2,3
98326524,1,3,3,1,38,2,999
61767959,1,3,1,1,56,1,2
61767959,1,3,2,1,51,2,2
61767959,1,3,3,1,24,1,3
84930880,1,5,1,2,8,1,3
84930880,1,5,2,2,13,1,3
84930880,1,5,3,2,13,2,3
84930880,1,5,4,2,38,2,1
84930880,1,5,5,2,63,2,2
55603182,1,3,1,2,47.5,2,1
55603182,1,3,2,2,22.5,2,3
55603182,1,3,3,2,12.5,1,3
29331062,1,2,1,1,32,2,3
29331062,1,2,2,1,20,2,3
11857415,1,7,1,2,13,999,4
11857415,1,7,2,2,18,999,4
11857415,1,7,3,2,38,999,2
11857415,1,7,4,2,48,999,2
11857415,1,7,5,2,63,999,5
11857415,1,7,6,2,63,999,5
11857415,1,7,7,2,28,999,997
42555022,1,3,1,1,70,1,1
42555022,1,3,2,1,37,1,3
42555022,1,3,3,1,8,1,3
64699726,1,2,1,2,53,2,2
64699726,1,2,2,1,1,1,3
13344417,1,2,1,2,58,1,2
13344417,1,2,2,2,58,2,2
31377488,1,1,1,1,52,2,1
85270245,1,4,1,1,67,2,2
85270245,1,4,2,1,35,1,1
85270245,1,4,3,1,3,2,3
85270245,1,4,4,1,1,1,3
94917207,1,2,1,2,53,1,2
94917207,1,2,2,2,48,2,2
86544485,1,4,1,2,58,1,2
86544485,1,4,2,2,48,2,2
86544485,1,4,3,2,28,1,4
86544485,1,4,4,2,18,2,4
49658715,1,4,1,2,48,1,4
49658715,1,4,2,2,63,1,2
49658715,1,4,3,2,63,2,2
49658715,1,4,4,2,38,2,1
69637785,1,2,1,2,13,2,3
69637785,1,2,2,2,43,2,1
11724464,1,3,1,1,58,1,1
11724464,1,3,2,1,27,2,3
11724464,1,3,3,1,24,1,3
80581246,1,1,1,1,55,999,1
67137517,1,3,1,1,50,2,9
67137517,1,3,2,2,38,2,9
67137517,1,3,3,2,43,2,8
85274949,1,1,1,1,22,999,6
37783600,1,1,1,2,53,1,1
88729992,1,2,1,1,40,1,3
88729992,1,2,2,1,70,2,1
31929510,1,1,1,1,83,2,2
60307151,1,3,1,1,67,2,1
60307151,1,3,2,1,39,2,3
60307151,1,3,3,1,32,1,3
17426732,1,3,1,1,34,1,4
17426732,1,3,2,1,83,1,5
17426732,1,3,3,1,71,2,5
91265091,1,3,1,1,66,2,1
91265091,1,3,2,1,33,1,3
91265091,1,3,3,1,30,1,3
50618404,1,3,1,1,46,2,2
50618404,1,3,2,1,56,1,2
50618404,1,3,3,1,15,1,4
87490160,1,2,1,1,21,2,3
87490160,1,2,2,1,19,2,3
93931754,1,5,1,2,3,1,3
93931754,1,5,2,2,3,2,3
93931754,1,5,3,2,33,2,1
93931754,1,5,4,2,33,2,997
93931754,1,5,5,2,33,2,997
63521733,1,2,1,2,53,2,1
63521733,1,2,2,2,53,2,1
61270511,1,1,1,1,27,2,3
22119973,1,3,1,2,48,2,2
22119973,1,3,2,2,18,1,4
22119973,1,3,3,2,23,1,8
74002564,1,1,1,1,18,1,3
99155650,1,1,1,1,54,1,1
21654428,1,5,1,1,8,1,4
21654428,1,5,2,2,43,1,2
21654428,1,5,3,2,43,2,2
21654428,1,5,4,2,13,2,4
21654428,1,5,5,2,58,2,5
78886714,1,4,1,2,38,1,1
78886714,1,4,2,2,63,2,2
78886714,1,4,3,2,8,2,3
78886714,1,4,4,2,8,2,3
75606099,1,2,1,2,38,2,4
75606099,1,2,2,2,13,1,3
50668489,1,5,1,1,47,1,2
50668489,1,5,2,1,39,2,2
50668489,1,5,3,1,82,1,5
50668489,1,5,4,1,77,2,5
50668489,1,5,5,1,17,2,4
85062676,1,2,1,1,92,2,2
85062676,1,2,2,1,27,2,997
75580612,1,2,1,1,12,1,3
75580612,1,2,2,1,7,2,3
35366189,1,2,1,1,85,2,2
35366189,1,2,2,1,31,2,997
62826765,1,2,1,2,33,2,2
62826765,1,2,2,2,33,1,2
77166129,1,3,1,2,13,1,3
77166129,1,3,2,2,13,1,3
77166129,1,3,3,2,43,2,1
18994564,1,1,1,2,33,1,1
80595998,1,4,1,1,83,2,2
80595998,1,4,2,1,47,2,1
80595998,1,4,3,1,13,1,3
80595998,1,4,4,1,5,1,3
79679001,1,3,1,2,53,2,1
79679001,1,3,2,2,18,2,3
79679001,1,3,3,2,18,1,3
10667596,1,2,1,2,53,1,2
10667596,1,2,2,2,48,2,2
40283356,1,2,1,1,67,1,1
40283356,1,2,2,1,25,2,3
61949230,1,5,1,1,85,2,5
61949230,1,5,2,1,58,2,1
61949230,1,5,3,1,26,1,4
61949230,1,5,4,1,23,1,3
61949230,1,5,5,1,42,2,997
30993804,1,2,1,1,35,2,1
30993804,1,2,2,1,9,1,3
43217961,1,2,1,1,31,1,3
43217961,1,2,2,1,54,2,1
46676194,1,1,1,1,46,2,1
91702300,1,1,1,1,30,2,1
71707892,1,5,1,1,1,2,3
71707892,1,5,2,1,26,1,1
71707892,1,5,3,1,54,2,997
71707892,1,5,4,1,65,1,2
71707892,1,5,5,2,65,2,2
89989315,1,1,1,1,68,2,1
19787052,1,1,1,2,43,2,1
10946094,1,1,1,2,48,2,2
63833365,999,2,1,1,50,2,4
63833365,999,2,2,1,58,2,4
93908272,1,1,1,1,54,1,1
21006078,1,3,1,1,58,2,1
21006078,1,3,2,1,36,1,3
21006078,1,3,3,1,31,2,997
53506126,1,4,1,1,50,1,1
53506126,1,4,2,1,23,1,3
53506126,1,4,3,1,78,1,2
53506126,1,4,4,1,23,1,3
44779421,1,4,1,2,58,1,2
44779421,1,4,2,2,48,2,2
44779421,1,4,3,1,22,1,4
44779421,1,4,4,1,27,1,7
83650268,1,5,1,1,93,2,2
83650268,1,5,2,1,55,1,1
83650268,1,5,3,1,16,2,3
83650268,1,5,4,1,14,1,3
83650268,1,5,5,1,41,2,997
55697547,1,2,1,2,53,1,2
55697547,1,2,2,2,18,1,1
27992971,1,5,1,1,55,2,1
27992971,1,5,2,1,33,1,997
27992971,1,5,3,1,33,2,997
27992971,1,5,4,1,6,2,997
27992971,1,5,5,1,0,2,997
88005481,1,2,1,1,54,1,1
88005481,1,2,2,1,17,1,3
76739432,1,3,1,1,42,2,997
76739432,1,3,2,1,20,1,3
76739432,1,3,3,1,16,1,3
45863335,1,3,1,1,43,1,2
45863335,1,3,2,1,40,2,2
45863335,1,3,3,1,15,2,4
14400868,1,2,1,1,61,2,1
14400868,1,2,2,1,20,1,3
53329656,2,3,1,2,13,2,997
53329656,2,3,2,2,48,2,2
53329656,2,3,3,2,48,1,2
24149384,1,4,1,1,56,1,2
24149384,1,4,2,1,53,2,2
24149384,1,4,3,1,23,2,2
24149384,1,4,4,1,20,2,2
84696974,1,3,1,1,56,2,1
84696974,1,3,2,1,25,1,3
84696974,1,3,3,1,4,2,6
91211292,1,4,1,2,23,2,1
91211292,1,4,2,2,48,2,2
91211292,1,4,3,2,58,1,2
91211292,1,4,4,2,33,2,999
98519464,1,3,1,1,2,1,3
98519464,1,3,2,2,28,1,1
98519464,1,3,3,2,33,2,997
61459785,1,3,1,2,13,1,4
61459785,1,3,2,2,38,2,2
61459785,1,3,3,2,38,1,2
19150944,1,3,1,2,48,2,2
19150944,1,3,2,2,18,2,4
19150944,1,3,3,2,13,2,4
97456570,1,2,1,1,78,1,2
97456570,1,2,2,1,76,2,2
24533540,1,2,1,2,38,1,2
24533540,1,2,2,2,33,2,2
13317389,1,2,1,1,68,2,1
13317389,1,2,2,1,35,2,3
29411242,1,3,1,2,33,1,1
29411242,1,3,2,2,13,2,3
29411242,1,3,3,2,8,2,3
47267353,1,4,1,1,40,2,1
47267353,1,4,2,1,13,999,3
47267353,1,4,3,1,8,999,3
47267353,1,4,4,1,23,999,997
46816817,1,10,1,1,68,2,5
46816817,1,10,2,1,41,1,997
46816817,1,10,3,1,27,1,999
46816817,1,10,4,1,29,2,997
46816817,1,10,5,1,12,2,999
46816817,1,10,6,1,50,2,999
46816817,1,10,7,1,30,1,999
46816817,1,10,8,1,5,2,999
46816817,1,10,9,1,7,2,999
46816817,1,10,10,1,9,2,999
69032437,1,3,1,2,48,1,1
69032437,1,3,2,2,18,1,3
69032437,1,3,3,2,18,1,3
80070306,1,5,1,2,53,2,2
80070306,1,5,2,2,58,1,2
80070306,1,5,3,2,28,1,4
80070306,1,5,4,2,23,2,1
80070306,1,5,5,2,23,1,8
29192718,1,2,1,1,54,2,1
29192718,1,2,2,1,30,2,3
67673773,1,3,1,2,38,2,2
67673773,1,3,2,2,43,1,2
67673773,1,3,3,1,9,2,4
78724340,1,1,1,2,48,2,1
72105847,1,1,1,2,52.5,2,2
25328987,1,1,1,2,43,1,1
66037401,1,2,1,1,60,1,1
66037401,1,2,2,1,27,1,3
60332682,1,3,1,1,57,1,1
60332682,1,3,2,1,23,2,3
60332682,1,3,3,1,20,1,3
91856194,1,2,1,1,84,2,2
91856194,1,2,2,1,13,2,3
75622875,1,1,1,2,58,2,997
74395000,1,2,1,2,38,2,1
74395000,1,2,2,2,3,2,3
90787499,1,3,1,1,76,2,1
90787499,1,3,2,1,50,2,3
90787499,1,3,3,1,37,2,997
25907403,1,2,1,1,61,1,2
25907403,1,2,2,1,54,2,2
38831031,1,2,1,2,65,2,1
38831031,1,2,2,2,35,1,3
35792872,1,3,1,1,36,1,1
35792872,1,3,2,1,12,2,3
35792872,1,3,3,1,11,2,3
51017991,1,2,1,1,64,1,1
51017991,1,2,2,1,41,2,3
31667835,1,2,1,2,53,2,1
31667835,1,2,2,2,23,1,3
33476208,1,3,1,1,36,1,3
33476208,1,3,2,1,68,2,1
33476208,1,3,3,1,56,1,9
77477417,1,2,1,2,38,1,1
77477417,1,2,2,2,8,1,3
24730187,1,4,1,1,55,1,1
24730187,1,4,2,1,24,2,3
24730187,1,4,3,1,22,2,3
24730187,1,4,4,1,13,1,3
40338184,1,2,1,1,71,1,1
40338184,1,2,2,1,35,1,3
79151233,1,2,1,1,67,1,1
79151233,1,2,2,1,33,2,3
97736287,1,3,1,2,43,1,1
97736287,1,3,2,2,13,2,3
97736287,1,3,3,2,13,2,3
77153357,1,2,1,1,20,2,4
77153357,1,2,2,2,43,2,2
53326127,1,2,1,1,57,2,1
53326127,1,2,2,1,29,1,3
39243081,1,3,1,1,54,1,2
39243081,1,3,2,1,50,2,2
39243081,1,3,3,1,25,1,4
82383061,1,3,1,1,36,1,2
82383061,1,3,2,1,36,2,2
82383061,1,3,3,1,38,2,997
79884110,1,2,1,1,73,2,1
79884110,1,2,2,1,40,1,3
72219277,1,2,1,1,65,2,1
72219277,1,2,2,1,35,2,3
75887319,1,2,1,2,53,1,2
75887319,1,2,2,2,53,2,2
64734639,1,5,1,2,55,2,2
64734639,1,5,2,2,65,1,2
64734639,1,5,3,1,25,2,8
64734639,1,5,4,2,25,2,4
64734639,1,5,5,2,25,1,4
38509060,1,5,1,2,63,1,2
38509060,1,5,2,2,63,2,2
38509060,1,5,3,2,53,2,4
38509060,1,5,4,2,23,1,997
38509060,1,5,5,2,23,2,999
52880532,1,3,1,1,43,2,1
52880532,1,3,2,1,25,1,3
52880532,1,3,3,1,15,2,3
13229962,1,4,1,2,23,2,3
13229962,1,4,2,2,28,2,3
13229962,1,4,3,2,53,2,1
13229962,1,4,4,2,47.5,2,997
11037821,1,1,1,1,22,1,3
48874542,1,4,1,1,33,2,1
48874542,1,4,2,1,1,1,3
48874542,1,4,3,1,3,2,3
48874542,1,4,4,1,41,2,997
48112344,1,5,1,2,18,2,4
48112344,1,5,2,2,18,2,4
48112344,1,5,3,2,23,1,4
48112344,1,5,4,2,48,2,2
48112344,1,5,5,2,58,1,2
76126531,1,2,1,2,23,2,3
76126531,1,2,2,2,23,1,3
62176309,1,3,1,2,58,1,2
62176309,1,3,2,2,48,2,2
62176309,1,3,3,2,38,2,997
78475860,1,5,1,2,3,1,3
78475860,1,5,2,2,8,1,3
78475860,1,5,3,2,33,2,1
78475860,1,5,4,2,28,2,997
78475860,1,5,5,2,33,1,8
81669050,1,4,1,2,48,2,1
81669050,1,4,2,2,18,1,3
81669050,1,4,3,2,13,2,3
81669050,1,4,4,2,43,2,997
11870454,1,2,1,1,53,1,1
11870454,1,2,2,1,22,1,3
99638299,1,1,1,1,26,1,3
27571683,1,2,1,1,17,1,3
27571683,1,2,2,1,28,1,3
61770335,1,4,1,1,40,1,2
61770335,1,4,2,1,48,1,999
61770335,1,4,3,1,80,1,5
61770335,1,4,4,1,50,2,997
17800285,1,2,1,2,58,1,1
17800285,1,2,2,2,23,2,3
89300315,1,3,1,2,33,1,1
89300315,1,3,2,2,3,1,3
89300315,1,3,3,2,28,2,997
20456667,1,4,1,2,33,1,2
20456667,1,4,2,2,38,2,2
20456667,1,4,3,2,3,1,4
20456667,1,4,4,2,38,2,997
73207394,1,3,1,1,40,2,1
73207394,1,3,2,1,14,1,3
73207394,1,3,3,1,38,2,999
24638255,1,3,1,1,42,1,1
24638255,1,3,2,1,9,1,3
24638255,1,3,3,1,68,2,2
82027979,1,1,1,1,52,2,1
80300976,1,1,1,2,43,2,1
94219601,1,3,1,2,48,2,1
94219601,1,3,2,2,23,1,3
94219601,1,3,3,2,63,2,2
79572942,1,10,1,1,26,1,3
79572942,1,10,2,1,20,1,3
79572942,1,10,3,1,10,2,997
79572942,1,10,4,1,10,2,997
79572942,1,10,5,1,9,1,997
79572942,1,10,6,1,9,1,997
79572942,1,10,7,1,9,2,997
79572942,1,10,8,1,9,2,997
79572942,1,10,9,1,8,1,997
79572942,1,10,10,1,8,2,997
76109939,1,2,1,2,13,1,3
76109939,1,2,2,2,48,1,1
62010218,1,2,1,2,63,1,2
62010218,1,2,2,2,43,2,997
99832513,1,3,1,2,43,2,2
99832513,1,3,2,2,43,1,2
99832513,1,3,3,2,18,1,4
77133623,1,5,1,2,53,1,2
77133623,1,5,2,2,52.5,2,2
77133623,1,5,3,1,9,2,4
77133623,1,5,4,1,24,1,4
77133623,1,5,5,1,25,1,4
20542936,1,3,1,1,65,2,1
20542936,1,3,2,2,36.5,2,3
20542936,1,3,3,2,29,2,3
87330549,1,2,1,1,40,2,1
87330549,1,2,2,1,10,1,3
64804978,1,2,1,1,32,1,1
64804978,1,2,2,1,10,1,3
87331254,1,3,1,2,63,1,1
87331254,1,3,2,2,28,1,3
87331254,1,3,3,2,23,2,3
17937580,1,2,1,2,48,2,2
17937580,1,2,2,2,53,1,2
24248656,1,3,1,2,48,1,1
24248656,1,3,2,2,18,2,3
24248656,1,3,3,2,13,1,3
88320215,1,3,1,2,18,1,4
88320215,1,3,2,2,48,2,2
88320215,1,3,3,2,53,1,2
19402654,1,2,1,1,11,1,6
19402654,1,2,2,2,58,1,1
92719295,1,4,1,2,33,1,2
92719295,1,4,2,2,33,2,2
92719295,1,4,3,2,3,2,4
92719295,1,4,4,2,48,2,997
45685244,1,3,1,1,35,1,1
45685244,1,3,2,1,15,2,3
45685244,1,3,3,1,15,2,3
19992114,1,3,1,2,58,1,2
19992114,1,3,2,2,53,2,2
19992114,1,3,3,2,33,2,4
78573105,1,2,1,2,48,1,2
78573105,1,2,2,2,48,2,2
73444664,1,2,1,1,24,1,3
73444664,1,2,2,1,55,1,1
60192001,1,3,1,2,18,1,4
60192001,1,3,2,2,38,2,2
60192001,1,3,3,2,43,1,2
16305255,1,1,1,1,42,2,4
48478716,1,4,1,1,39,1,1
48478716,1,4,2,1,5,1,3
48478716,1,4,3,1,1,2,3
48478716,1,4,4,2,27.5,2,999
57197274,1,1,1,2,53,2,1
12180851,1,2,1,2,43,1,2
12180851,1,2,2,2,43,2,2
60869355,1,2,1,1,61,2,1
60869355,1,2,2,1,35,1,3
60786097,1,4,1,2,43,1,2
60786097,1,4,2,2,43,2,2
60786097,1,4,3,2,13,2,4
60786097,1,4,4,2,43,2,997
82155858,1,4,1,2,23,1,4
82155858,1,4,2,2,23,2,4
82155858,1,4,3,2,48,2,2
82155858,1,4,4,2,58,1,2
11249443,1,2,1,2,63,1,1
11249443,1,2,2,2,63,2,997
50008060,1,3,1,2,38,1,1
50008060,1,3,2,2,63,1,2
50008060,1,3,3,1,2,2,3
14679892,1,4,1,1,62,2,1
14679892,1,4,2,1,48,1,999
14679892,1,4,3,1,80,1,5
14679892,1,4,4,1,50,2,997
75429549,1,2,1,1,60,2,1
75429549,1,2,2,1,21,1,3
12963872,1,3,1,2,18,1,4
12963872,1,3,2,2,18,2,4
12963872,1,3,3,2,18,2,997
17471372,1,3,1,2,63,1,1
17471372,1,3,2,2,23,1,3
17471372,1,3,3,2,8,1,5
43326784,1,3,1,1,17,2,4
43326784,1,3,2,1,39,2,2
43326784,1,3,3,1,53,1,2
69696039,1,1,1,2,63,2,2
62705764,1,3,1,2,43,1,1
62705764,1,3,2,2,13,2,3
62705764,1,3,3,2,33,2,997
88700905,1,4,1,2,48,1,1
88700905,1,4,2,1,11,2,3
88700905,1,4,3,1,19,1,3
88700905,1,4,4,1,18,2,999
46912449,1,2,1,2,33,2,4
46912449,1,2,2,2,63,2,2
42495031,1,3,1,2,48,1,2
42495031,1,3,2,2,48,2,2
42495031,1,3,3,2,23,1,4
15608543,1,1,1,1,33,1,1
53130951,1,1,1,2,63,2,2
18555473,1,2,1,1,61,2,1
18555473,1,2,2,1,3,1,6
50440925,1,2,1,2,48,2,2
50440925,1,2,2,2,48,1,2
12265942,1,2,1,2,43,2,1
12265942,1,2,2,2,13,1,3
12628787,1,3,1,2,63,2,2
12628787,1,3,2,2,43,2,1
12628787,1,3,3,2,8,1,3
43187386,1,1,1,2,48,2,2
27743004,1,3,1,2,53,1,999
27743004,1,3,2,2,53,2,2
27743004,1,3,3,2,18,1,4
12935940,1,3,1,2,53,1,2
12935940,1,3,2,2,53,2,2
12935940,1,3,3,2,23,1,4
32141401,1,3,1,1,54,2,2
32141401,1,3,2,1,53,1,2
32141401,1,3,3,1,24,2,4
78274084,1,3,1,2,33,2,2
78274084,1,3,2,2,38,1,2
78274084,1,3,3,2,13,1,4
50919735,1,2,1,1,51,2,1
50919735,1,2,2,1,18,1,3
22301029,1,1,1,1,53,2,1
59379543,1,2,1,2,23,1,4
59379543,1,2,2,2,43,2,2
34423945,1,1,1,2,38,2,2
36952004,1,3,1,1,35,2,1
36952004,1,3,2,1,4,1,3
36952004,1,3,3,1,3,2,3
16037020,1,8,1,2,63,1,5
16037020,1,8,2,2,63,2,5
16037020,1,8,3,2,58,1,2
16037020,1,8,4,2,53,2,2
16037020,1,8,5,2,23,1,4
16037020,1,8,6,2,23,1,4
16037020,1,8,7,2,18,2,9
16037020,1,8,8,2,13,1,4
51996739,1,4,1,1,67,1,2
51996739,1,4,2,1,63,2,2
51996739,1,4,3,1,39,2,4
51996739,1,4,4,1,40,1,4
97690987,1,4,1,1,44,2,1
97690987,1,4,2,1,14,2,3
97690987,1,4,3,2,8,1,3
97690987,1,4,4,2,8,1,3
24024370,1,3,1,2,57.5,1,2
24024370,1,3,2,2,57.5,2,2
24024370,1,3,3,2,32.5,2,1
95587383,999,3,1,1,57,1,1
95587383,999,3,2,1,30,2,3
95587383,999,3,3,1,19,1,3
66168894,1,2,1,1,10,2,3
66168894,1,2,2,1,42,2,1
31689500,1,2,1,1,10,1,3
31689500,1,2,2,2,43,2,1
54643422,1,3,1,2,33,1,2
54643422,1,3,2,2,33,2,2
54643422,1,3,3,2,3,1,4
22985548,1,3,1,1,60,1,2
22985548,1,3,2,1,42,2,2
22985548,1,3,3,1,16,1,4
98325760,1,4,1,1,18,1,4
98325760,1,4,2,1,53,1,2
98325760,1,4,3,1,49,2,2
98325760,1,4,4,2,28,2,997
44927185,1,3,1,2,28,2,2
44927185,1,3,2,2,33,1,2
44927185,1,3,3,2,13,1,4
61377782,1,3,1,2,43,2,1
61377782,1,3,2,1,13,1,3
61377782,1,3,3,1,9,1,3
15329748,1,1,1,1,53,2,4
52538370,1,3,1,2,63,1,2
52538370,1,3,2,2,58,2,2
52538370,1,3,3,2,23,2,4
74722095,1,3,1,2,43,2,2
74722095,1,3,2,2,48,1,2
74722095,1,3,3,2,18,2,4
59544261,1,4,1,1,71,1,2
59544261,1,4,2,1,58,2,2
59544261,1,4,3,1,30,2,4
59544261,1,4,4,1,29,2,4
56046687,1,3,1,2,48,1,5
56046687,1,3,2,2,33,1,2
56046687,1,3,3,2,33,2,2
87917134,1,1,1,2,63,2,2
40237141,1,3,1,1,50,2,1
40237141,1,3,2,1,23,1,3
40237141,1,3,3,1,19,1,3
95499173,1,2,1,2,18,2,7
95499173,1,2,2,2,38,2,2
82846363,1,4,1,1,52,1,2
82846363,1,4,2,1,42,2,2
82846363,1,4,3,1,8,2,4
82846363,1,4,4,1,7,2,4
53894905,1,2,1,2,63,2,2
53894905,1,2,2,2,23,2,4
57552032,1,2,1,2,43,2,2
57552032,1,2,2,2,48,1,2
57440023,1,2,1,1,55,1,2
57440023,1,2,2,1,44,2,2
75031341,1,4,1,2,38,1,2
75031341,1,4,2,2,38,2,2
75031341,1,4,3,2,13,1,4
75031341,1,4,4,2,58,2,5
15417052,1,7,1,2,63,1,2
15417052,1,7,2,2,33,1,8
15417052,1,7,3,2,23,1,8
15417052,1,7,4,2,18,1,7
15417052,1,7,5,1,23,2,997
15417052,1,7,6,2,28,2,8
15417052,1,7,7,2,33,1,7
44687895,1,2,1,2,18,1,4
44687895,1,2,2,2,48,2,2
39352176,1,1,1,2,43,2,1
50084327,1,2,1,2,33,1,2
50084327,1,2,2,2,28,2,2
86750143,1,4,1,1,35,1,2
86750143,1,4,2,1,30,2,2
86750143,1,4,3,1,33,1,997
86750143,1,4,4,1,61,2,5
48064114,1,3,1,2,48,1,2
48064114,1,3,2,2,38,2,2
48064114,1,3,3,2,13,1,4
62591993,1,2,1,2,33,999,8
62591993,1,2,2,2,8,999,997
87909822,1,3,1,1,54,2,1
87909822,1,3,2,1,17,2,3
87909822,1,3,3,1,63,2,4
63362095,1,4,1,2,23,2,4
63362095,1,4,2,2,58,2,2
63362095,1,4,3,2,58,1,2
63362095,1,4,4,2,18,1,7
58439159,1,2,1,1,25,2,5
58439159,1,2,2,1,19,1,5
11294271,1,1,1,1,57,2,2
23221606,1,4,1,2,13,1,4
23221606,1,4,2,2,33,2,2
23221606,1,4,3,2,38,1,2
23221606,1,4,4,2,23,2,997
38728677,1,3,1,1,48,1,1
38728677,1,3,2,1,1,1,3
38728677,1,3,3,1,32,2,997
26354694,1,4,1,1,83,1,2
26354694,1,4,2,1,78,2,2
26354694,1,4,3,1,53,1,4
26354694,1,4,4,1,43,1,4
33053855,1,2,1,2,13,2,3
33053855,1,2,2,2,18,2,997
99115647,1,4,1,2,33,1,2
99115647,1,4,2,2,33,2,2
99115647,1,4,3,1,4,1,4
99115647,1,4,4,1,37,2,997
52465278,1,3,1,2,23,1,4
52465278,1,3,2,2,43,2,2
52465278,1,3,3,2,58,1,2
11164072,1,4,1,1,70,1,5
11164072,1,4,2,1,65,2,5
11164072,1,4,3,1,38,1,2
11164072,1,4,4,1,36,2,2
30014205,1,2,1,2,38,2,1
30014205,1,2,2,1,5,2,3
53802698,1,3,1,1,65,2,2
53802698,1,3,2,1,71,1,2
53802698,1,3,3,1,32,2,4
91284267,1,2,1,2,48,2,2
91284267,1,2,2,2,48,1,2
17706280,1,4,1,1,6,1,4
17706280,1,4,2,1,54,2,5
17706280,1,4,3,1,31,1,2
17706280,1,4,4,1,31,2,2
37770233,1,2,1,2,63,2,2
37770233,1,2,2,2,63,1,2
41974155,1,2,1,1,66,1,2
41974155,1,2,2,1,59,2,2
53689754,1,3,1,2,58,2,2
53689754,1,3,2,2,23,2,4
53689754,1,3,3,2,23,1,4
43152321,1,1,1,2,53,1,1
37066265,1,3,1,2,53,1,1
37066265,1,3,2,2,18,1,3
37066265,1,3,3,2,13,2,3
71498839,999,2,1,1,53,1,2
71498839,999,2,2,1,42,2,2
49392448,1,2,1,2,53,1,2
49392448,1,2,2,2,53,2,2
62011974,1,2,1,1,55,1,2
62011974,1,2,2,1,53,2,2
32053730,1,3,1,2,58,2,2
32053730,1,3,2,2,58,1,2
32053730,1,3,3,2,63,2,5
65614797,1,1,1,1,40,2,1
57443819,1,3,1,2,38,2,999
57443819,1,3,2,2,38,1,999
57443819,1,3,3,2,8,1,999
71432880,1,4,1,1,39,2,1
71432880,1,4,2,1,7,2,3
71432880,1,4,3,1,5,1,3
71432880,1,4,4,2,28,2,999
85219503,1,2,1,2,43,1,2
85219503,1,2,2,2,38,2,2
59035061,1,3,1,2,33,1,2
59035061,1,3,2,2,33,2,2
59035061,1,3,3,2,8,1,4
75821626,1,3,1,2,48,1,2
75821626,1,3,2,2,48,2,2
75821626,1,3,3,2,23,2,4
17930358,1,4,1,2,48,2,2
17930358,1,4,2,2,23,2,4
17930358,1,4,3,2,23,2,4
17930358,1,4,4,2,18,2,4
79105910,1,1,1,2,58,2,1
29485037,1,3,1,2,43,999,2
29485037,1,3,2,2,43,999,2
29485037,1,3,3,2,13,1,4
49616996,1,3,1,1,42,1,2
49616996,1,3,2,2,43,2,2
49616996,1,3,3,1,36,2,997
68370147,1,2,1,2,58,1,2
68370147,1,2,2,2,23,2,4
11625385,1,2,1,2,38,1,4
11625385,1,2,2,2,33,2,4
76317899,1,3,1,2,63,1,2
76317899,1,3,2,2,58,2,2
76317899,1,3,3,2,33,2,4
40350146,1,4,1,2,18,1,4
40350146,1,4,2,2,48,2,2
40350146,1,4,3,2,48,2,997
40350146,1,4,4,2,48,1,2
59108938,1,3,1,2,38,2,2
59108938,1,3,2,2,38,1,2
59108938,1,3,3,2,28,2,997
27951738,1,3,1,2,8,1,3
27951738,1,3,2,2,8,2,3
27951738,1,3,3,2,38,2,1
43335279,999,4,1,2,13,2,7
43335279,999,4,2,2,13,1,4
43335279,999,4,3,2,13,1,7
43335279,999,4,4,1,16,1,997
72419995,1,5,1,2,53,1,2
72419995,1,5,2,2,53,2,2
72419995,1,5,3,2,23,2,4
72419995,1,5,4,2,18,2,4
72419995,1,5,5,2,18,1,4
16688087,1,2,1,2,43,2,2
16688087,1,2,2,2,43,2,2
30521751,1,3,1,2,48,2,1
30521751,1,3,2,1,27,2,3
30521751,1,3,3,1,19,2,3
76189078,1,2,1,1,70,1,2
76189078,1,2,2,1,68,2,2
29157551,1,4,1,2,58,1,2
29157551,1,4,2,2,58,2,2
29157551,1,4,3,2,33,2,4
29157551,1,4,4,2,23,1,4
25300496,1,4,1,1,54,1,2
25300496,1,4,2,1,43,2,2
25300496,1,4,3,1,94,1,5
25300496,1,4,4,1,88,2,5
95576448,1,1,1,1,65,1,1
98058870,1,1,1,2,48,2,1
86293261,1,4,1,1,45,1,2
86293261,1,4,2,1,42,2,2
86293261,1,4,3,1,6,1,4
86293261,1,4,4,1,33,2,997
23601144,1,2,1,1,51,2,1
23601144,1,2,2,1,20,2,3
79073292,1,3,1,1,52,1,2
79073292,1,3,2,1,47,2,2
79073292,1,3,3,1,10,1,4
18546643,1,2,1,1,71,1,1
18546643,1,2,2,1,33,2,3
88564173,1,4,1,2,18,1,4
88564173,1,4,2,2,48,1,2
88564173,1,4,3,2,3,1,997
88564173,1,4,4,2,48,2,2
62630853,1,2,1,2,38,1,2
62630853,1,2,2,2,38,2,2
91196872,1,1,1,2,28,2,1
68926036,1,1,1,2,33,2,1
28294664,1,3,1,2,43,1,1
28294664,1,3,2,2,13,1,3
28294664,1,3,3,2,38,2,999
55646398,1,3,1,1,40,1,2
55646398,1,3,2,1,34,2,2
55646398,1,3,3,1,64,2,5
47269857,1,3,1,1,52,1,2
47269857,1,3,2,1,52,2,2
47269857,1,3,3,1,18,1,4
53193716,1,3,1,2,55,2,997
53193716,1,3,2,2,65,1,997
53193716,1,3,3,2,85,2,5
22804641,1,2,1,1,33,1,2
22804641,1,2,2,1,33,2,2
75584042,1,2,1,2,48,2,1
75584042,1,2,2,1,16,1,3
82888904,1,4,1,2,63,1,2
82888904,1,4,2,2,63,2,2
82888904,1,4,3,2,33,2,4
82888904,1,4,4,2,33,2,4
42475363,1,2,1,2,58,2,1
42475363,1,2,2,2,28,2,3
28299235,1,3,1,2,48,2,2
28299235,1,3,2,2,18,1,4
28299235,1,3,3,2,18,2,4
49036139,1,1,1,2,53,1,2
68591939,1,5,1,2,43,2,997
68591939,1,5,2,2,43,2,1
68591939,1,5,3,2,8,1,3
68591939,1,5,4,2,3,2,3
68591939,1,5,5,2,43,2,997
51804787,1,2,1,2,53,2,2
51804787,1,2,2,2,23,1,4
29894332,1,3,1,2,48,1,2
29894332,1,3,2,2,43,2,2
29894332,1,3,3,1,22,2,4
78733428,1,4,1,2,53,1,1
78733428,1,4,2,2,13,1,3
78733428,1,4,3,2,18,2,3
78733428,1,4,4,2,33,2,997
72798199,1,2,1,2,38,1,1
72798199,1,2,2,2,8,2,3
36747282,1,1,1,1,27,2,1
57128384,1,1,1,1,66,2,2
72999795,1,2,1,2,58,1,2
72999795,1,2,2,2,58,2,2
99394518,1,3,1,1,45,2,2
99394518,1,3,2,1,40,1,997
99394518,1,3,3,1,68,1,5
19940509,1,3,1,1,61,2,5
19940509,1,3,2,1,32,1,2
19940509,1,3,3,1,62,1,5
71295020,1,1,1,2,48,2,2
40228225,1,3,1,1,39,1,2
40228225,1,3,2,1,39,2,2
40228225,1,3,3,1,22,2,4
96308877,1,1,1,1,61,2,1
41879117,1,1,1,1,53,1,1
79586148,1,4,1,2,43,2,2
79586148,1,4,2,2,48,1,2
79586148,1,4,3,2,13,2,4
79586148,1,4,4,2,13,1,4
95819081,1,1,1,2,28,1,1
30922684,1,3,1,2,28,2,1
30922684,1,3,2,2,63,1,2
30922684,1,3,3,2,58,2,2
55157168,1,3,1,1,69,1,2
55157168,1,3,2,1,67,2,2
55157168,1,3,3,1,38,1,1
60749242,1,2,1,2,23,1,4
60749242,1,2,2,2,43,1,2
73463764,1,3,1,2,48,2,1
73463764,1,3,2,2,18,2,3
73463764,1,3,3,2,28,2,997
11344005,1,2,1,2,63,2,2
11344005,1,2,2,2,53,1,2
42993061,1,4,1,1,6,2,3
42993061,1,4,2,1,45,2,1
42993061,1,4,3,2,63,1,2
42993061,1,4,4,2,63,2,2
57387685,1,3,1,2,28,2,1
57387685,1,3,2,2,8,1,3
57387685,1,3,3,2,3,1,3
59861568,1,2,1,2,23,2,2
59861568,1,2,2,2,53,2,4
10400394,1,2,1,2,48,1,2
10400394,1,2,2,2,48,2,2
61143500,1,4,1,1,40,2,1
61143500,1,4,2,1,2,1,3
61143500,1,4,3,1,0,2,3
61143500,1,4,4,1,30,2,999
32683957,1,1,1,1,64,2,2
99819582,1,3,1,1,34,2,2
99819582,1,3,2,1,5,2,4
99819582,1,3,3,1,0,1,4
54066249,1,3,1,1,62,1,2
54066249,1,3,2,1,60,2,2
54066249,1,3,3,1,39,1,4
16993408,1,4,1,1,64,2,1
16993408,1,4,2,1,14,1,6
16993408,1,4,3,1,41,2,3
16993408,1,4,4,1,31,1,3
35146558,1,3,1,1,42,2,2
35146558,1,3,2,1,51,1,2
35146558,1,3,3,1,35,2,999
60492313,1,3,1,1,55,1,2
60492313,1,3,2,1,54,2,2
60492313,1,3,3,1,19,1,4
83986437,1,4,1,1,65,1,2
83986437,1,4,2,1,42,2,2
83986437,1,4,3,1,10,1,4
83986437,1,4,4,1,8,2,4
74341776,1,1,1,1,65,2,1
64268051,1,1,1,2,63,2,2
81021136,1,4,1,2,23,2,4
81021136,1,4,2,2,28,1,4
81021136,1,4,3,2,48,2,2
81021136,1,4,4,2,53,1,2
47353122,1,3,1,2,53,2,2
47353122,1,3,2,2,3,2,997
47353122,1,3,3,2,28,2,999
86809017,1,2,1,2,38,1,2
86809017,1,2,2,2,38,2,2
43404638,1,3,1,2,38,2,1
43404638,1,3,2,2,13,1,3
43404638,1,3,3,2,13,2,3
70847722,1,4,1,1,49,2,1
70847722,1,4,2,1,26,2,3
70847722,1,4,3,1,24,2,3
70847722,1,4,4,1,19,2,3
85662841,1,1,1,2,28,2,1
54352448,1,3,1,1,70,1,997
54352448,1,3,2,1,61,1,997
54352448,1,3,3,1,60,2,997
88602520,1,1,1,1,52,1,1
48711852,1,2,1,1,74,1,2
48711852,1,2,2,1,63,2,2
74746631,1,3,1,1,46,1,2
74746631,1,3,2,1,43,2,2
74746631,1,3,3,1,2,1,4
40591509,1,2,1,2,58,1,2
40591509,1,2,2,2,48,2,2
75567561,1,6,1,1,66,1,1
75567561,1,6,2,1,58,2,1
75567561,1,6,3,1,28,1,3
75567561,1,6,4,1,27,2,3
75567561,1,6,5,1,12,2,999
75567561,1,6,6,1,11,2,999
98976964,1,2,1,1,70,1,2
98976964,1,2,2,1,65,2,2
66097828,1,3,1,1,19,2,7
66097828,1,3,2,1,19,2,7
66097828,1,3,3,2,28,1,8
55607039,1,3,1,2,37.5,2,4
55607039,1,3,2,2,67.5,2,2
55607039,1,3,3,2,77.5,1,2
69752642,1,2,1,2,38,1,2
69752642,1,2,2,2,38,2,2
42884894,1,3,1,1,44,2,1
42884894,1,3,2,1,17,1,3
42884894,1,3,3,1,37,2,999
38271972,1,2,1,2,18,2,3
38271972,1,2,2,2,23,1,3
51675219,1,2,1,1,65,2,2
51675219,1,2,2,1,25,1,4
96492298,1,3,1,2,63,2,2
96492298,1,3,2,2,28,2,1
96492298,1,3,3,2,3,1,3
78692773,1,3,1,1,39,2,2
78692773,1,3,2,1,20,2,4
78692773,1,3,3,1,10,1,4
69933227,1,4,1,1,46,1,2
69933227,1,4,2,1,46,2,2
69933227,1,4,3,1,22,2,4
69933227,1,4,4,1,20,2,4
45067009,1,2,1,1,26,1,3
45067009,1,2,2,1,56,2,1
10977706,1,2,1,2,58,2,2
10977706,1,2,2,2,33,2,1
82972110,1,3,1,1,42,2,2
82972110,1,3,2,1,40,1,2
82972110,1,3,3,1,8,2,4
37396748,1,5,1,1,35,2,1
37396748,1,5,2,1,73,1,2
37396748,1,5,3,1,73,2,2
37396748,1,5,4,1,6,1,3
37396748,1,5,5,1,12,2,3
46908275,1,2,1,1,68,1,2
46908275,1,2,2,1,50,2,2
34931103,1,3,1,2,42.5,2,2
34931103,1,3,2,2,42.5,1,2
34931103,1,3,3,2,75,2,5
16682693,1,2,1,1,23,2,3
16682693,1,2,2,1,55,2,1
95759794,1,4,1,1,18,1,3
95759794,1,4,2,1,18,1,7
95759794,1,4,3,2,38,1,2
95759794,1,4,4,2,38,2,2
79325993,1,3,1,2,63,1,2
79325993,1,3,2,2,58,2,2
79325993,1,3,3,2,18,1,4
30122128,1,4,1,2,8,1,4
30122128,1,4,2,2,43,2,2
30122128,1,4,3,2,48,1,2
30122128,1,4,4,2,63,2,5
27250942,1,2,1,2,48,1,2
27250942,1,2,2,2,53,2,2
36693538,1,1,1,2,48,1,2
75823597,1,4,1,2,33,1,1
75823597,1,4,2,2,13,2,3
75823597,1,4,3,2,3,2,3
75823597,1,4,4,2,3,1,3
78474807,1,3,1,2,8,2,3
78474807,1,3,2,2,28,1,1
78474807,1,3,3,2,28,2,1
17851466,1,1,1,2,48,2,1
57928253,1,3,1,2,23,1,9
57928253,1,3,2,2,23,1,9
57928253,1,3,3,2,23,1,9
14017158,1,2,1,1,54,2,1
14017158,1,2,2,1,36,2,3
69715294,1,4,1,2,25,1,3
69715294,1,4,2,2,25,2,3
69715294,1,4,3,2,55,999,1
69715294,1,4,4,2,55,2,4
87452223,1,3,1,1,58,1,2
87452223,1,3,2,1,58,2,2
87452223,1,3,3,1,29,1,4
83473702,1,4,1,2,53,2,5
83473702,1,4,2,2,23,1,2
83473702,1,4,3,2,23,2,2
83473702,1,4,4,2,28,2,997
46233386,1,4,1,1,67,1,5
46233386,1,4,2,1,67,2,5
46233386,1,4,3,1,42,2,2
46233386,1,4,4,1,6,1,4
42818681,1,3,1,1,28,2,1
42818681,1,3,2,1,79,1,2
42818681,1,3,3,1,64,2,2
91464655,1,3,1,2,33,2,2
91464655,1,3,2,2,38,1,2
91464655,1,3,3,2,8,2,4
98903367,1,3,1,1,13,2,4
98903367,1,3,2,999,9001,999,999
98903367,1,3,3,999,9001,999,999
41323143,1,4,1,1,51,2,1
41323143,1,4,2,1,47,2,4
41323143,1,4,3,1,23,1,3
41323143,1,4,4,1,19,2,3
35411283,1,2,1,1,64,2,2
35411283,1,2,2,1,65,1,2
84836384,1,4,1,2,43,2,2
84836384,1,4,2,2,18,2,4
84836384,1,4,3,2,18,2,4
84836384,1,4,4,2,13,2,4
93799182,1,3,1,2,43,1,2
93799182,1,3,2,2,43,2,2
93799182,1,3,3,2,18,1,4
96732089,1,3,1,1,37,2,1
96732089,1,3,2,1,78,2,2
96732089,1,3,3,1,52,1,4
92769599,1,4,1,2,28,2,2
92769599,1,4,2,2,33,1,2
92769599,1,4,3,2,28,2,997
92769599,1,4,4,2,28,2,997
18382054,1,2,1,2,48,2,1
18382054,1,2,2,2,18,1,3
60050415,1,2,1,2,28,1,2
60050415,1,2,2,2,28,2,2
54775752,1,5,1,2,53,1,2
54775752,1,5,2,1,25,1,4
54775752,1,5,3,1,24,2,4
54775752,1,5,4,2,48,2,2
54775752,1,5,5,2,53,1,999
19089426,1,4,1,1,7,2,3
19089426,1,4,2,1,32,1,1
19089426,1,4,3,2,38,2,997
19089426,1,4,4,2,28,2,8
24286762,1,1,1,1,38,2,997
65147287,1,3,1,2,53,2,1
65147287,1,3,2,2,23,2,3
65147287,1,3,3,2,23,1,3
70419190,1,3,1,2,18,1,999
70419190,1,3,2,2,18,2,999
70419190,1,3,3,2,48,1,2
91964417,1,6,1,1,29,2,2
91964417,1,6,2,1,60,1,5
91964417,1,6,3,1,60,2,5
91964417,1,6,4,1,27,1,997
91964417,1,6,5,1,31,2,997
91964417,1,6,6,1,2,1,997
93592898,1,3,1,2,38,2,1
93592898,1,3,2,2,63,2,2
93592898,1,3,3,2,13,1,3
84657836,1,1,1,2,48,2,1
79586105,1,1,1,2,53,2,1
18636645,1,2,1,2,58,2,4
18636645,1,2,2,1,87,2,2
22430958,1,3,1,2,43,2,1
22430958,1,3,2,2,13,2,3
22430958,1,3,3,2,18,1,3
33967483,1,4,1,2,38,1,1
33967483,1,4,2,2,13,1,3
33967483,1,4,3,2,8,2,3
33967483,1,4,4,2,33,2,4
46984835,1,5,1,1,33,2,1
46984835,1,5,2,1,11,1,3
46984835,1,5,3,1,10,2,3
46984835,1,5,4,1,6,1,3
46984835,1,5,5,1,1,1,3
14963423,1,4,1,2,63,1,2
14963423,1,4,2,2,63,2,2
14963423,1,4,3,2,38,2,4
14963423,1,4,4,2,3,2,997
91575539,1,3,1,1,49,2,2
91575539,1,3,2,1,48,1,2
91575539,1,3,3,1,23,2,4
64673278,1,4,1,2,3,2,4
64673278,1,4,2,2,33,2,2
64673278,1,4,3,2,53,2,5
64673278,1,4,4,2,53,1,5
65119412,1,3,1,2,43,1,2
65119412,1,3,2,2,38,2,2
65119412,1,3,3,2,13,1,4
62641559,1,2,1,1,66,1,1
62641559,1,2,2,1,34,2,3
88255952,1,3,1,2,43,2,1
88255952,1,3,2,2,18,1,3
88255952,1,3,3,2,13,1,3
13346161,1,2,1,1,41,2,2
13346161,1,2,2,1,7,2,4
14182942,1,2,1,2,13,1,3
14182942,1,2,2,2,43,2,1
80281187,1,2,1,2,8,2,997
80281187,1,2,2,2,58,2,2
58784815,1,3,1,1,55,2,5
58784815,1,3,2,1,47,1,2
58784815,1,3,3,1,33,2,2
69813337,1,3,1,1,62,2,1
69813337,1,3,2,1,29,1,3
69813337,1,3,3,1,22,2,4
93113235,1,3,1,2,13,1,4
93113235,1,3,2,2,48,2,2
93113235,1,3,3,2,53,1,2
36402305,1,3,1,2,23,1,3
36402305,1,3,2,2,28,2,997
36402305,1,3,3,2,53,2,1
16541874,3,3,1,2,33,2,4
16541874,3,3,2,2,63,1,2
16541874,3,3,3,2,63,2,2
38435951,1,2,1,2,13,2,3
38435951,1,2,2,2,13,2,3
45582659,1,3,1,1,49,2,2
45582659,1,3,2,1,50,1,2
45582659,1,3,3,1,12,1,4
77053784,1,3,1,2,58,1,5
77053784,1,3,2,2,58,2,5
77053784,1,3,3,2,28,2,997
77514857,1,3,1,2,38,1,2
77514857,1,3,2,2,38,2,2
77514857,1,3,3,2,48,2,997
35464969,1,3,1,2,43,2,1
35464969,1,3,2,2,18,1,3
35464969,1,3,3,2,13,1,3
58753797,1,2,1,2,53,2,1
58753797,1,2,2,2,23,2,3
60150356,1,2,1,2,38,2,2
60150356,1,2,2,2,38,1,2
93724430,1,5,1,1,61,1,5
93724430,1,5,2,1,39,2,5
93724430,1,5,3,1,16,1,997
93724430,1,5,4,1,13,2,997
93724430,1,5,5,1,16,2,999
47747005,1,2,1,1,60,2,5
47747005,1,2,2,1,63,1,5
48566599,999,4,1,1,78,2,2
48566599,999,4,2,1,56,2,4
48566599,999,4,3,1,48,1,1
48566599,999,4,4,1,0,2,3
40817966,1,2,1,2,28,2,1
40817966,1,2,2,2,13,2,3
37809153,1,3,1,1,60,1,2
37809153,1,3,2,1,57,2,2
37809153,1,3,3,1,22,2,4
26616425,1,3,1,1,49,1,2
26616425,1,3,2,1,40,2,2
26616425,1,3,3,1,12,2,4
41445565,1,2,1,2,38,1,2
41445565,1,2,2,2,38,2,2
16291889,1,4,1,2,63,1,2
16291889,1,4,2,2,58,2,2
16291889,1,4,3,2,28,1,4
16291889,1,4,4,2,28,2,997
29632406,1,3,1,2,63,1,2
29632406,1,3,2,2,63,2,2
29632406,1,3,3,2,33,1,4
60430487,1,3,1,2,33,2,2
60430487,1,3,2,2,38,1,2
60430487,1,3,3,2,33,2,999
65576691,1,3,1,1,5,2,4
65576691,1,3,2,1,34,2,2
65576691,1,3,3,1,38,1,2
87722788,1,3,1,2,33,1,1
87722788,1,3,2,2,3,1,3
87722788,1,3,3,2,8,2,3
45825573,1,5,1,2,3,2,4
45825573,1,5,2,2,8,1,4
45825573,1,5,3,2,28,2,2
45825573,1,5,4,2,43,1,2
45825573,1,5,5,2,53,2,5
14055983,1,4,1,2,43,1,2
14055983,1,4,2,2,38,2,2
14055983,1,4,3,2,8,1,4
14055983,1,4,4,2,23,2,997
87196929,1,3,1,2,18,1,4
87196929,1,3,2,2,58,1,2
87196929,1,3,3,2,53,2,2
57697220,1,2,1,2,33,2,1
57697220,1,2,2,2,33,2,999
56656760,1,2,1,2,43,2,1
56656760,1,2,2,2,18,1,3
44211423,1,4,1,1,38,1,2
44211423,1,4,2,1,32,2,2
44211423,1,4,3,1,10,1,4
44211423,1,4,4,1,1,2,4
38433295,1,3,1,1,63,1,2
38433295,1,3,2,1,47,2,2
38433295,1,3,3,1,23,2,4
92139480,1,3,1,2,63,2,5
92139480,1,3,2,2,38,2,2
92139480,1,3,3,2,38,1,2
35788749,1,1,1,1,67,2,2
76212658,1,4,1,1,54,1,2
76212658,1,4,2,1,17,2,4
76212658,1,4,3,1,22,2,4
76212658,1,4,4,2,47.5,2,2
60746278,1,5,1,1,55,1,2
60746278,1,5,2,1,46,2,2
60746278,1,5,3,1,20,2,4
60746278,1,5,4,1,11,2,4
60746278,1,5,5,1,70,2,5
93849161,1,5,1,2,48,2,1
93849161,1,5,2,2,18,2,3
93849161,1,5,3,2,13,2,3
93849161,1,5,4,2,13,1,3
93849161,1,5,5,2,48,2,997
70690911,1,2,1,1,30,2,3
70690911,1,2,2,1,35,2,3
27715859,1,3,1,1,64,1,2
27715859,1,3,2,1,64,2,2
27715859,1,3,3,1,28,2,4
93242677,1,2,1,2,53,1,2
93242677,1,2,2,2,43,2,2
42351104,1,3,1,2,3,1,3
42351104,1,3,2,2,13,1,3
42351104,1,3,3,2,38,1,1
92517207,1,2,1,1,35,2,1
92517207,1,2,2,1,9,1,3
33056691,1,4,1,1,44,1,2
33056691,1,4,2,1,39,2,2
33056691,1,4,3,1,7,2,4
33056691,1,4,4,1,26,2,999
65046116,1,6,1,2,13,2,4
65046116,1,6,2,2,8,1,4
65046116,1,6,3,2,38,1,2
65046116,1,6,4,2,38,2,2
65046116,1,6,5,2,23,2,997
65046116,1,6,6,2,53,2,5
88995932,1,4,1,1,16,1,4
88995932,1,4,2,1,43,2,2
88995932,1,4,3,1,44,1,2
88995932,1,4,4,2,28,2,999
31112109,1,4,1,1,43,1,2
31112109,1,4,2,1,40,2,2
31112109,1,4,3,1,10,1,4
31112109,1,4,4,2,63,2,5
13775858,1,3,1,1,36,1,2
13775858,1,3,2,1,35,2,2
13775858,1,3,3,1,1,1,4
26343036,1,4,1,2,63,1,2
26343036,1,4,2,2,63,2,2
26343036,1,4,3,2,3,1,3
26343036,1,4,4,2,28,2,1
90607637,1,4,1,2,38,1,2
90607637,1,4,2,2,38,2,2
90607637,1,4,3,2,28,2,997
90607637,1,4,4,2,8,2,4
44623572,1,1,1,2,63,2,2
64605820,1,3,1,2,28,1,2
64605820,1,3,2,2,28,2,2
64605820,1,3,3,2,3,2,4
23499032,1,4,1,1,84,1,2
23499032,1,4,2,1,61,2,2
23499032,1,4,3,1,22,2,1
23499032,1,4,4,1,1,2,3
23117844,1,3,1,2,38,2,2
23117844,1,3,2,2,43,1,2
23117844,1,3,3,2,13,2,4
70586548,1,1,1,2,38,2,1
99127219,1,4,1,2,8,1,4
99127219,1,4,2,2,38,1,2
99127219,1,4,3,2,38,2,2
99127219,1,4,4,2,23,2,997
40272308,1,3,1,2,38,1,1
40272308,1,3,2,2,8,2,3
40272308,1,3,3,2,8,2,3
11776171,1,3,1,1,54,1,1
11776171,1,3,2,1,14,2,3
11776171,1,3,3,1,19,2,3
32488774,1,3,1,2,33,1,2
32488774,1,3,2,2,33,2,2
32488774,1,3,3,2,8,2,4
33820112,1,2,1,2,63,1,2
33820112,1,2,2,2,58,2,2
54787848,1,3,1,2,48,2,5
54787848,1,3,2,2,58,1,5
54787848,1,3,3,2,23,2,997
40232281,1,3,1,2,28,1,3
40232281,1,3,2,2,28,2,3
40232281,1,3,3,2,63,2,1
15264221,1,6,1,1,69,1,2
15264221,1,6,2,1,67,2,2
15264221,1,6,3,1,65,2,997
15264221,1,6,4,1,39,1,1
15264221,1,6,5,1,0,2,3
15264221,1,6,6,1,27,2,997
28989980,1,2,1,1,29,1,2
28989980,1,2,2,1,29,2,2
75374365,1,1,1,2,28,2,1
79524265,1,3,1,1,25,1,4
79524265,1,3,2,1,61,2,2
79524265,1,3,3,1,60,1,2
55212238,1,3,1,2,58,1,2
55212238,1,3,2,2,58,2,2
55212238,1,3,3,2,23,2,1
55235710,1,4,1,1,42,1,2
55235710,1,4,2,1,43,2,2
55235710,1,4,3,1,19,2,4
55235710,1,4,4,1,68,2,5
59235352,1,3,1,1,40,2,4
59235352,1,3,2,1,29,2,4
59235352,1,3,3,1,77,1,2
55860631,1,1,1,2,33,2,1
33440850,1,3,1,2,13,1,4
33440850,1,3,2,2,43,1,2
33440850,1,3,3,2,43,2,2
45740273,1,3,1,1,37,2,2
45740273,1,3,2,1,40,1,2
45740273,1,3,3,1,61,2,5
31623010,1,5,1,1,6,2,4
31623010,1,5,2,1,65,1,5
31623010,1,5,3,1,60,2,5
31623010,1,5,4,1,33,2,2
31623010,1,5,5,1,39,1,2
90532298,1,2,1,2,38,1,2
90532298,1,2,2,2,38,2,2
32342024,1,4,1,1,9,2,4
32342024,1,4,2,1,40,2,2
32342024,1,4,3,1,39,1,2
32342024,1,4,4,1,43,2,997
38819323,1,6,1,2,48,1,2
38819323,1,6,2,2,48,2,2
38819323,1,6,3,2,23,2,4
38819323,1,6,4,2,18,2,4
38819323,1,6,5,2,13,1,4
38819323,1,6,6,2,63,2,5
32179276,1,2,1,1,18,1,3
32179276,1,2,2,2,43,1,1
75378155,1,2,1,2,63,1,2
75378155,1,2,2,2,58,2,2
88128462,1,3,1,1,39,1,2
88128462,1,3,2,1,44,2,2
88128462,1,3,3,1,28,2,997
87185536,1,2,1,2,63,2,2
87185536,1,2,2,2,38,2,9
22411792,1,3,1,1,70,2,2
22411792,1,3,2,1,43,2,4
22411792,1,3,3,1,50,1,4
96317123,1,5,1,2,13,1,4
96317123,1,5,2,2,13,1,4
96317123,1,5,3,2,43,1,2
96317123,1,5,4,2,43,2,2
96317123,1,5,5,2,33,2,997
51621637,1,3,1,1,35,2,1
51621637,1,3,2,1,2,2,3
51621637,1,3,3,1,5,1,3
95096829,1,3,1,1,60,1,2
95096829,1,3,2,1,41,2,2
95096829,1,3,3,1,10,2,4
96471446,1,3,1,2,28,2,4
96471446,1,3,2,2,48,2,2
96471446,1,3,3,2,53,1,2
19555774,1,2,1,2,65,2,2
19555774,1,2,2,2,63,1,2
67484458,1,3,1,1,43,1,2
67484458,1,3,2,1,40,2,2
67484458,1,3,3,1,2,2,4
94349633,1,3,1,2,28,2,4
94349633,1,3,2,2,58,2,2
94349633,1,3,3,2,63,1,2
48885926,1,3,1,1,32,2,2
48885926,1,3,2,1,59,1,2
48885926,1,3,3,1,59,1,1
46077422,1,3,1,2,48,2,2
46077422,1,3,2,2,53,1,2
46077422,1,3,3,2,13,2,4
40940069,1,2,1,1,36,2,1
40940069,1,2,2,1,2,1,3
50139229,1,1,1,1,66,2,2
46360894,1,2,1,2,43,1,2
46360894,1,2,2,2,38,2,2
81832556,1,2,1,2,38,2,2
81832556,1,2,2,2,43,1,2
47545727,1,1,1,2,18,1,3
88157888,1,4,1,2,33,2,1
88157888,1,4,2,2,18,2,999
88157888,1,4,3,2,63,1,2
88157888,1,4,4,2,63,2,2
85756290,1,4,1,1,14,1,997
85756290,1,4,2,1,54,1,2
85756290,1,4,3,1,48,2,2
85756290,1,4,4,1,38,2,999
73051890,1,5,1,1,43,1,2
73051890,1,5,2,1,34,2,2
73051890,1,5,3,1,6,2,4
73051890,1,5,4,1,75,2,5
73051890,1,5,5,1,37,2,997
40905140,1,4,1,1,6,2,4
40905140,1,4,2,1,40,2,2
40905140,1,4,3,1,66,1,5
40905140,1,4,4,1,43,1,2
34773346,1,2,1,1,39,2,2
34773346,1,2,2,1,9,1,4
34794436,1,2,1,1,12,1,3
34794436,1,2,2,1,43,2,1
17824455,1,3,1,2,43,1,2
17824455,1,3,2,2,43,2,2
17824455,1,3,3,2,13,2,4
60588645,1,3,1,2,8,1,4
60588645,1,3,2,2,43,2,2
60588645,1,3,3,2,53,1,2
31334995,1,2,1,2,58,1,2
31334995,1,2,2,2,58,2,2
66166471,1,5,1,2,53,1,2
66166471,1,5,2,2,43,2,2
66166471,1,5,3,2,18,1,4
66166471,1,5,4,2,18,2,4
66166471,1,5,5,2,13,2,4
39341446,1,3,1,2,38,2,2
39341446,1,3,2,2,43,1,2
39341446,1,3,3,1,8,2,4
79490344,1,4,1,1,82,2,5
79490344,1,4,2,1,54,2,997
79490344,1,4,3,1,52,1,2
79490344,1,4,4,1,49,2,997
12818986,1,2,1,1,44,2,1
12818986,1,2,2,1,20,1,3
90218127,1,1,1,1,60,2,2
12808049,1,4,1,1,3,1,4
12808049,1,4,2,2,28,2,2
12808049,1,4,3,2,28,1,2
12808049,1,4,4,2,28,2,999
87746186,1,2,1,2,23,2,2
87746186,1,2,2,2,28,1,2
90496219,1,4,1,1,30,2,1
90496219,1,4,2,2,63,2,997
90496219,1,4,3,2,18,2,997
90496219,1,4,4,2,23,2,997
50322326,1,3,1,2,43,1,1
50322326,1,3,2,2,63,2,997
50322326,1,3,3,2,13,2,3
57896969,1,5,1,1,9,1,4
57896969,1,5,2,1,46,2,2
57896969,1,5,3,1,46,1,2
57896969,1,5,4,1,50,2,997
57896969,1,5,5,1,82,2,5
28422326,1,2,1,2,63,1,2
28422326,1,2,2,2,58,2,2
22886585,1,3,1,2,38,1,2
22886585,1,3,2,2,43,2,2
22886585,1,3,3,2,38,2,999
75583332,1,2,1,2,53,1,2
75583332,1,2,2,2,48,2,2
23631969,1,4,1,1,39,2,1
23631969,1,4,2,2,23,2,997
23631969,1,4,3,1,1,1,3
23631969,1,4,4,1,43,1,999
17175713,1,4,1,1,12,2,4
17175713,1,4,2,1,45,2,2
17175713,1,4,3,1,47,1,2
17175713,1,4,4,1,39,2,997
85945794,1,3,1,1,20,2,4
85945794,1,3,2,2,43,2,2
85945794,1,3,3,2,43,1,2
92990664,1,4,1,1,47,1,2
92990664,1,4,2,1,45,2,2
92990664,1,4,3,1,9,2,4
92990664,1,4,4,1,32,2,999
56216631,1,2,1,2,58,1,2
56216631,1,2,2,2,28,1,4
49226652,1,2,1,2,33,1,8
49226652,1,2,2,2,33,2,8
71239692,1,3,1,2,37.5,2,2
71239692,1,3,2,2,37.5,2,2
71239692,1,3,3,1,10,2,4
77647346,1,2,1,2,63,1,2
77647346,1,2,2,2,33,2,4
30881166,1,2,1,2,28,1,2
30881166,1,2,2,2,28,2,2
47790815,1,4,1,1,54,1,2
47790815,1,4,2,1,49,2,2
47790815,1,4,3,1,16,2,4
47790815,1,4,4,1,80,2,5
17604612,1,3,1,1,34,2,2
17604612,1,3,2,1,35,1,2
17604612,1,3,3,1,33,2,997
37420699,1,4,1,2,33,2,2
37420699,1,4,2,2,28,1,2
37420699,1,4,3,2,58,1,5
37420699,1,4,4,2,58,2,5
10105130,1,3,1,1,74,2,5
10105130,1,3,2,1,51,2,2
10105130,1,3,3,1,47,1,997
89070958,1,1,1,2,38,2,1
52526919,1,3,1,1,47,1,2
52526919,1,3,2,1,45,2,2
52526919,1,3,3,1,17,1,4
41893194,1,3,1,1,36,2,2
41893194,1,3,2,1,12,1,4
41893194,1,3,3,1,41,2,997
72754022,1,4,1,2,38,1,2
72754022,1,4,2,2,33,2,2
72754022,1,4,3,2,3,1,4
72754022,1,4,4,2,28,2,999
73474238,1,1,1,1,43,2,1
35257030,1,2,1,2,13,1,3
35257030,1,2,2,2,43,1,1
76973593,1,3,1,999,9001,999,999
76973593,1,3,2,999,9001,999,999
76973593,1,3,3,999,9001,999,999
98316982,1,3,1,2,33,2,2
98316982,1,3,2,2,38,1,2
98316982,1,3,3,2,33,2,997
57487336,1,4,1,1,40,1,2
57487336,1,4,2,1,4,1,3
57487336,1,4,3,1,4,1,3
57487336,1,4,4,1,30,2,2
77069618,1,2,1,2,63,1,2
77069618,1,2,2,2,38,2,4
46221582,1,2,1,2,43,2,2
46221582,1,2,2,2,63,2,5
75747938,1,2,1,2,8,1,3
75747938,1,2,2,2,13,1,3
34353107,1,3,1,2,38,1,2
34353107,1,3,2,2,38,2,2
34353107,1,3,3,2,63,2,5
77725637,1,7,1,2,8,2,4
77725637,1,7,2,2,33,1,2
77725637,1,7,3,2,33,2,2
77725637,1,7,4,2,53,2,5
77725637,1,7,5,2,58,1,5
77725637,1,7,6,2,8,1,997
77725637,1,7,7,2,33,2,997
28350064,999,3,1,2,8,2,4
28350064,999,3,2,2,38,2,2
28350064,999,3,3,2,48,1,2
24370596,1,3,1,1,12,1,4
24370596,1,3,2,1,38,2,2
24370596,1,3,3,1,42,1,2
11658139,1,4,1,2,33,2,999
11658139,1,4,2,2,33,1,999
11658139,1,4,3,2,8,2,999
11658139,1,4,4,2,23,2,999
83732108,1,4,1,2,58,2,5
83732108,1,4,2,2,28,2,997
83732108,1,4,3,2,28,2,2
83732108,1,4,4,2,23,2,997
78027519,1,3,1,2,38,1,2
78027519,1,3,2,2,33,2,2
78027519,1,3,3,2,33,2,997
63745362,1,4,1,1,36,1,2
63745362,1,4,2,1,34,2,2
63745362,1,4,3,1,6,1,4
63745362,1,4,4,1,38,2,997
25074113,1,4,1,2,43,1,2
25074113,1,4,2,2,43,2,2
25074113,1,4,3,2,13,2,4
25074113,1,4,4,2,48,2,997
51758126,1,2,1,1,29,2,2
51758126,1,2,2,1,39,1,2
30864972,1,1,1,1,41,1,2
47837972,1,3,1,1,68,2,5
47837972,1,3,2,1,41,2,2
47837972,1,3,3,2,47.5,2,2
24620397,1,1,1,1,32,2,1
73647579,1,3,1,1,18,2,997
73647579,1,3,2,1,20,1,997
73647579,1,3,3,1,42,2,9
69137285,1,4,1,1,65,1,2
69137285,1,4,2,1,35,2,2
69137285,1,4,3,1,5,2,4
69137285,1,4,4,1,3,999,999
72028257,1,5,1,2,8,2,4
72028257,1,5,2,2,13,1,4
72028257,1,5,3,2,38,2,2
72028257,1,5,4,2,43,1,2
72028257,1,5,5,2,23,2,997
54279943,1,3,1,1,71,2,5
54279943,1,3,2,1,34,1,2
54279943,1,3,3,1,28,2,2
21476608,1,3,1,2,38,2,2
21476608,1,3,2,2,43,1,2
21476608,1,3,3,2,13,1,4
35145881,1,4,1,2,43,2,2
35145881,1,4,2,2,43,1,2
35145881,1,4,3,1,9,2,4
35145881,1,4,4,2,23,2,997
87190434,1,3,1,2,28,1,2
87190434,1,3,2,2,28,2,2
87190434,1,3,3,2,28,2,997
66912749,1,2,1,1,45,1,2
66912749,1,2,2,1,43,2,2
17984165,1,1,1,2,53,2,4
64422886,1,2,1,2,33,2,2
64422886,1,2,2,2,3,1,3
70740449,1,3,1,2,48,1,2
70740449,1,3,2,2,43,2,2
70740449,1,3,3,2,38,2,997
92079058,1,5,1,1,52,1,2
92079058,1,5,2,1,42,2,2
92079058,1,5,3,1,17,1,4
92079058,1,5,4,1,17,2,4
92079058,1,5,5,2,27.5,2,997
80649207,1,2,1,2,28,2,2
80649207,1,2,2,2,33,1,2
89781724,1,3,1,1,50,1,2
89781724,1,3,2,1,45,2,2
89781724,1,3,3,1,10,2,4
87169149,1,4,1,2,38,2,2
87169149,1,4,2,2,38,1,2
87169149,1,4,3,2,3,999,4
87169149,1,4,4,2,23,999,997
47447435,1,3,1,1,13,2,3
47447435,1,3,2,1,16,1,3
47447435,1,3,3,2,38,2,1
81947762,1,3,1,2,38,1,2
81947762,1,3,2,2,33,2,2
81947762,1,3,3,1,15,1,4
90670934,1,3,1,2,38,1,1
90670934,1,3,2,2,13,1,3
90670934,1,3,3,2,8,1,3
95067460,1,3,1,2,13,1,4
95067460,1,3,2,2,38,2,2
95067460,1,3,3,2,43,1,2
34506763,1,4,1,2,38,1,2
34506763,1,4,2,2,38,2,2
34506763,1,4,3,2,3,1,4
34506763,1,4,4,2,28,2,997
64643736,1,2,1,2,38,1,2
64643736,1,2,2,2,38,2,2
33731847,1,4,1,2,38,1,2
33731847,1,4,2,2,38,2,2
33731847,1,4,3,2,8,2,4
33731847,1,4,4,2,28,2,997
95329905,1,2,1,2,33,1,2
95329905,1,2,2,2,33,2,2
23440991,1,3,1,2,13,1,4
23440991,1,3,2,2,38,2,2
23440991,1,3,3,2,38,1,2
59720104,1,3,1,2,38,1,2
59720104,1,3,2,2,38,2,2
59720104,1,3,3,2,33,2,997
90667744,1,3,1,2,48,1,2
90667744,1,3,2,2,48,2,2
90667744,1,3,3,2,13,2,4
51273253,1,4,1,1,46,2,2
51273253,1,4,2,1,48,1,2
51273253,1,4,3,1,47,2,997
51273253,1,4,4,1,36,2,997
92903080,1,5,1,2,43,1,2
92903080,1,5,2,2,63,2,2
92903080,1,5,3,2,38,2,5
92903080,1,5,4,2,33,2,997
92903080,1,5,5,2,13,1,4
86572350,1,3,1,1,47,2,2
86572350,1,3,2,1,60,1,2
86572350,1,3,3,1,15,1,4
35472160,1,4,1,2,43,1,1
35472160,1,4,2,2,8,1,3
35472160,1,4,3,2,8,2,3
35472160,1,4,4,2,33,2,997
41655665,1,3,1,2,38,1,2
41655665,1,3,2,2,38,2,2
41655665,1,3,3,2,28,2,999
20931383,1,3,1,1,44,1,2
20931383,1,3,2,1,40,2,2
20931383,1,3,3,1,8,1,4
99507885,1,5,1,1,4,2,4
99507885,1,5,2,1,14,1,4
99507885,1,5,3,1,37,2,2
99507885,1,5,4,1,37,1,2
99507885,1,5,5,1,41,2,999
89542296,1,6,1,2,38,2,1
89542296,1,6,2,2,38,2,997
89542296,1,6,3,2,13,1,3
89542296,1,6,4,2,8,2,3
89542296,1,6,5,2,8,1,3
89542296,1,6,6,2,38,1,999
62568804,1,3,1,1,11,2,4
62568804,1,3,2,1,52,1,2
62568804,1,3,3,1,49,2,2
13376654,1,3,1,2,13,1,4
13376654,1,3,2,2,38,2,2
13376654,1,3,3,2,43,1,2
35951820,1,4,1,2,33,1,2
35951820,1,4,2,2,33,2,2
35951820,1,4,3,2,63,2,5
35951820,1,4,4,2,38,2,997
32119336,1,2,1,1,35,2,2
32119336,1,2,2,1,5,1,4
68933514,1,5,1,2,62.5,1,5
68933514,1,5,2,2,62.5,2,5
68933514,1,5,3,1,35,1,2
68933514,1,5,4,1,36,2,2
68933514,1,5,5,1,5,2,4
29399075,1,2,1,2,33,2,2
29399075,1,2,2,2,43,1,2
38120101,1,3,1,1,38,1,2
38120101,1,3,2,1,37,2,2
38120101,1,3,3,1,7,2,4
11170632,1,6,1,2,38,1,2
11170632,1,6,2,2,38,2,2
11170632,1,6,3,2,8,2,4
11170632,1,6,4,2,38,2,999
11170632,1,6,5,2,28,2,999
11170632,1,6,6,2,48,2,999
55377154,1,2,1,1,45,1,2
55377154,1,2,2,1,43,2,2
46025078,1,2,1,2,48,2,2
46025078,1,2,2,1,19,1,4
40026972,1,3,1,2,43,1,2
40026972,1,3,2,2,43,2,2
40026972,1,3,3,2,13,1,4
10605717,1,5,1,1,12,1,4
10605717,1,5,2,1,50,2,2
10605717,1,5,3,1,50,1,2
10605717,1,5,4,1,29,2,997
10605717,1,5,5,1,15,2,4
76349818,1,3,1,1,36,2,2
76349818,1,3,2,1,5,1,4
76349818,1,3,3,1,29,1,2
57646962,1,6,1,2,8,1,4
57646962,1,6,2,2,33,1,2
57646962,1,6,3,2,23,2,2
57646962,1,6,4,2,58,2,5
57646962,1,6,5,2,33,2,997
57646962,1,6,6,2,33,2,997
51816850,1,3,1,2,43,1,2
51816850,1,3,2,2,43,2,2
51816850,1,3,3,2,13,2,4
54164281,1,3,1,2,43,2,1
54164281,1,3,2,2,13,1,3
54164281,1,3,3,2,63,1,2
75567684,1,3,1,1,56,1,2
75567684,1,3,2,1,43,2,2
75567684,1,3,3,1,2,1,4
97137749,1,3,1,2,43,1,2
97137749,1,3,2,2,43,2,2
97137749,1,3,3,2,63,1,5
